id,domain,status,purchase_price,renewal_price,attractiveness,demand,length,registrar,created_at,expires_at,status_verified_at
13ad4e31-138b-40e4-8fab-73f9df82c235,mhc.fyi,premium,15.73,15.73,high,low,3,spaceship,,,29/09/2026 15:02
64ca031c-4d5d-4979-928f-f4235be6eb99,flu.fyi,premium,8.47,16.9,high,low,3,porkbun,,,29/09/2026 19:35
b95c0c03-11de-424a-b3d2-70c1a5901fa8,marne.fyi,premium,15.5,,medium,low,5,unstoppable,,,29/09/2026 15:38
1b5f13ca-2c04-4a5e-ba54-40db8ffe1353,snaps.fyi,premium,17.7,17.7,medium,low,5,namesilo,,,18/09/2026 11:55
408aaaa0-d3f4-477c-8f4f-e99fce560057,warhol.fyi,available,6.98,9.68,high,low,6,namecheap,,,19/09/2026 05:06
701d502e-50b9-420b-91f3-8bb586c2f782,reminds.fyi,available,6.98,9.68,medium,low,7,namecheap,,,27/09/2026 03:09
64700bd5-0715-43b0-ba5c-b95ef697a6d6,insult.fyi,available,6.98,9.68,medium,low,6,namecheap,,,17/09/2026 14:53
a540191a-cabf-4db9-a009-7fb377d29b5a,blotto.fyi,available,6.98,9.68,low,low,6,namecheap,,,09/08/2026 15:32
bf8be179-faec-4d81-89cc-44a814db7a08,indifference.fyi,available,5.38,5.38,high,low,12,spaceship,,,29/09/2026 23:01
fb31baee-a2e3-4994-89b5-bc45b2f11079,lesion.fyi,available,6.98,9.68,medium,low,6,namecheap,,,13/09/2026 13:28
43e66611-8acc-4ecf-8fb2-109485ebaf09,xci.fyi,premium,18.75,18.75,medium,low,3,name.com,,,
d7db15ee-3ac1-442c-ae81-868c0e56bd23,network.fyi,resell,,,high,medium,7,"Sav.com, LLC - 13",21/09/2025 15:15,21/09/2027 15:15,30/09/2026 20:55
25bdd656-6a98-4c09-8309-af20a155eb3f,pradesh.fyi,available,17.99,17.99,high,low,7,namesilo,,,28/09/2026 03:36
fdcc9a45-11c1-4932-9698-2bd4933a93a6,nipper.fyi,premium,17.7,17.7,medium,low,6,namesilo,,,25/08/2026 00:05
a3134377-c954-4255-87f1-9f1f4a40a015,clocks.fyi,premium,17.7,17.7,high,low,6,namesilo,,,18/09/2026 06:14
7ff55eaa-4cde-4c55-ba7e-837d74bd0c83,detoxify.fyi,available,17.99,17.99,high,low,8,namesilo,,,29/09/2026 14:25
f1ad14f5-ebb8-48db-a1b9-a90ade195312,aggregated.fyi,available,6.98,9.68,high,low,10,namecheap,,,
d957ebc4-5443-48c8-acd7-9402a5c00a7a,uaw.fyi,available,17.7,17.7,medium,low,3,namesilo,,,29/09/2026 21:51
02b9e29a-c0f8-444b-88d6-520ee59ec766,emulous.fyi,available,6.98,9.68,medium,low,7,namecheap,,,16/08/2026 21:03
21b0bf65-b06e-4c70-b3ef-006dad506def,nymph.fyi,available,5.38,5.38,high,low,5,spaceship,,,02/10/2026 05:21
91e628d4-994e-4380-9e38-e230634edae5,carve.fyi,premium,18.75,18.75,high,low,5,name.com,,,13/08/2026 12:51
561a3439-ef21-4892-a71c-5036b23b395e,unclear.fyi,available,6.98,9.68,high,low,7,namecheap,,,21/08/2026 19:00
f4b6cbd8-f064-46e9-9703-744955856f91,gower.fyi,available,17.7,17.7,medium,low,5,namesilo,,,29/09/2026 04:18
f1bfd4fd-6812-4920-9a44-865289af7f27,patty.fyi,premium,15.5,,high,low,5,unstoppable,,,28/09/2026 20:09
b8df82be-eac9-4c08-be3a-5b9e743d368d,cortez.fyi,premium,19.5,19.5,medium,low,6,namecheap,,,30/09/2026 16:48
b21cacc6-0744-4dd0-a8bb-22ea7acc9fc6,kvetch.fyi,available,6.98,9.68,medium,low,6,namecheap,,,08/09/2026 20:36
2e4dbac6-d0a9-4090-af4f-a6ef21e8e2c8,provided.fyi,premium,17.7,17.7,medium,low,8,namesilo,,,16/09/2026 09:17
945f2bd3-9e29-4d60-b835-366730a5caaa,tajik.fyi,available,17.99,17.99,high,low,5,namesilo,,,01/10/2026 03:29
82d157b2-43db-4457-8c76-d624504d55ad,netted.fyi,available,6.98,9.68,medium,low,6,namecheap,,,03/09/2026 16:02
9ee1f90a-890e-4a28-a326-de5c7a3db711,monica.fyi,premium,17.7,17.7,high,low,6,namesilo,,,25/09/2026 13:55
c97bdbb8-8e87-46a7-9800-2c4b4dedce7b,affluent.fyi,premium,17.7,17.7,high,low,8,namesilo,,,21/09/2026 21:54
e158d6b8-a0ad-4999-a8b8-504cae33ba38,flexibility.fyi,available,17.99,17.99,high,low,11,namesilo,,,29/09/2026 16:16
cb4441a6-827b-4217-8e78-2bc899b8a1e2,luteal.fyi,available,6.98,9.68,medium,low,6,namecheap,,,24/08/2026 12:07
5b6b5e32-c52e-437f-a064-ddb1253fc8ad,quartette.fyi,available,6.98,9.68,medium,low,9,namecheap,,,09/09/2026 07:26
e6c56ab4-7daf-4bf3-9c33-6cd18f46aa50,oozing.fyi,available,6.98,9.68,medium,low,6,namecheap,,,04/09/2026 15:28
a2bda330-d83f-4805-9c3d-bf07a143d07b,convince.fyi,available,7.5,,high,low,8,unstoppable,,,30/09/2026 18:01
e8a13744-7ec8-4142-87fd-d75c5a2e467f,legless.fyi,available,6.98,9.68,medium,low,7,namecheap,,,22/08/2026 23:13
e97617c4-1ffe-4cc3-9235-4c864b22a255,sofa.fyi,premium,19.5,19.5,high,low,4,namecheap,,,24/09/2026 18:34
2539e4c0-9f63-4047-8e0c-7ac1be4accfe,groping.fyi,available,6.98,9.68,medium,low,7,namecheap,,,20/08/2026 20:18
acfe36d5-8b1e-4e87-8efd-abeef775aae9,malibu.fyi,premium,16.5,16.5,high,low,6,dynadot,,,29/09/2026 03:32
5956e499-beed-440d-b52f-f79c7b466378,pursue.fyi,available,7.5,,high,low,6,unstoppable,,,28/09/2026 06:57
a214b02f-c462-432c-8c02-9d5f86e27913,saviour.fyi,available,17.99,17.99,high,low,7,namesilo,,,24/09/2026 14:50
27b5bd28-1f5b-4565-9660-dc3e5a9f6eb9,unlikable.fyi,available,6.98,9.68,medium,low,9,namecheap,,,12/09/2026 00:58
5dd3105d-a616-4a4f-9720-9bfde6e05574,blenny.fyi,available,17.99,17.99,medium,low,6,namesilo,,,24/09/2026 06:00
314494bd-9ab8-452c-ba39-b05fe21e3b3a,banneret.fyi,available,17.99,17.99,medium,low,8,namesilo,,,22/09/2026 02:54
35ff5e03-1375-4901-8320-0699217bb248,unclaimed.fyi,available,6.98,9.68,medium,low,9,namecheap,,,12/09/2026 05:13
f2cd901a-f191-4c61-9331-b8a536d984c3,pleb.fyi,premium,19.5,19.5,medium,low,4,namecheap,,,08/09/2026 21:04
2b14859a-0f56-4e9f-a019-e5db784cf308,occupier.fyi,available,6.98,9.68,high,low,8,namecheap,,,09/09/2026 14:58
d85125cc-e2fd-4d85-84fd-83f9669badbd,chevron.fyi,premium,17.7,17.7,high,low,7,namesilo,,,24/09/2026 14:21
97681691-83c3-451b-92cd-7260ad3e5ef4,mathematical.fyi,premium,8.47,16.9,medium,low,12,porkbun,,,28/09/2026 21:06
cd7a90a4-2fe7-4f3f-9abc-bebaa9f64cf5,correctly.fyi,premium,19.5,19.5,high,low,9,namecheap,,,13/09/2026 20:47
497a918c-f63d-4259-ad7a-90de3bc1cb5c,nafta.fyi,available,5.38,5.38,medium,low,5,spaceship,,,29/09/2026 07:38
1de2e26b-024a-405c-b1a6-7cffc1b6aead,filaria.fyi,available,17.99,17.99,medium,low,7,namesilo,,,18/09/2026 06:14
004ef7b5-1753-4a7f-903c-82848f984ecf,injected.fyi,available,17.99,17.99,medium,low,8,namesilo,,,29/09/2026 10:57
ea1790d7-5afc-4008-9756-9c60be227da7,netting.fyi,premium,15.73,15.73,high,low,7,spaceship,,,01/10/2026 21:08
78eabc46-1bb4-4dc1-b59c-0372db06faf1,churlish.fyi,available,6.98,9.68,medium,low,8,namecheap,,,12/08/2026 07:49
7a48eb47-41fc-4092-ae25-74c7816d58d1,experience.fyi,available,17.7,17.7,high,medium,10,namesilo,,,29/09/2026 18:39
91190bf1-3cdb-48e7-8009-8e2aa741eaf4,courtesy.fyi,premium,19.5,19.5,high,low,8,namecheap,,,24/09/2026 18:48
3747eddc-5ef8-421b-82c2-9f96366e1a7d,equation.fyi,premium,15.73,15.73,high,low,8,spaceship,,,28/09/2026 19:06
a62eea1b-2398-4c9f-aaf3-9f28248a05f0,windup.fyi,available,6.98,9.68,medium,low,6,namecheap,,,13/09/2026 12:18
0fee544c-e4c8-4628-bad2-4d727ef2c58a,adeptness.fyi,available,7.5,5.57,high,low,9,unstoppable,,,01/10/2026 17:12
13ea17cc-31b0-4d1d-a51c-691c401ba9ea,marion.fyi,premium,17.7,17.7,high,low,6,namesilo,,,25/09/2026 14:37
42165afb-b248-4b15-a52e-5011b3ab4d3e,thinly.fyi,available,6.98,9.68,medium,low,6,namecheap,,,11/09/2026 13:26
53370b28-4bef-40ff-a63c-02ad75d6a02d,prance.fyi,available,6.98,9.68,high,low,6,namecheap,,,11/09/2026 05:09
2557c1a5-2071-44e4-8900-d72a1c667f03,pall.fyi,available,6.98,9.68,medium,low,4,namecheap,,,22/08/2026 11:56
f35f2e7f-42da-42ba-ad74-81d2dee31337,aback.fyi,available,6.98,9.68,high,low,5,namecheap,,,13/09/2026 16:07
3b82115f-8ffc-4fc1-b39b-10869b4c0efb,concordant.fyi,available,6.98,9.68,medium,low,10,namecheap,,,12/08/2026 20:16
75c35897-ec47-4777-b539-e8aaa255483a,succulent.fyi,premium,17.7,17.7,high,low,9,namesilo,,,11/09/2026 00:58
35548898-0b70-4c43-aa75-ddb9cbdd3fee,quenched.fyi,available,6.98,9.68,medium,low,8,namecheap,,,09/09/2026 08:25
08a4cd45-ae6c-43ec-910c-30c384296b5b,unfirm.fyi,available,6.98,9.68,low,low,6,namecheap,,,12/09/2026 10:19
dd687e67-7e24-4827-9f52-9ef1b76be67c,regretted.fyi,available,17.99,17.99,low,low,9,namesilo,,,30/09/2026 23:50
4c7af139-5424-44b5-ab18-e903c2c8e135,blackcock.fyi,available,17.99,17.99,medium,low,9,namesilo,,,24/09/2026 00:30
b088a047-338c-4220-9a79-5cf5fa1ef262,adage.fyi,available,17.99,17.99,high,low,5,namesilo,,,17/09/2026 06:09
b4cd9b60-4b61-4e5b-9d93-7af2d77e952c,allosaur.fyi,available,17.99,17.99,medium,low,8,namesilo,,,18/09/2026 12:04
6deb787c-8afc-4378-b92a-86a0e6887aef,susanna.fyi,premium,17.7,17.7,high,low,7,namesilo,,,28/09/2026 01:02
ec556a8a-0b7c-4e90-935a-1296728dfee0,bushy.fyi,available,6.98,9.68,high,low,5,namecheap,,,11/08/2026 11:15
8ba1d565-9ffa-4462-9b1d-debd40e66b1d,sentential.fyi,available,6.98,9.68,medium,low,10,namecheap,,,10/09/2026 03:50
e6087989-0eba-4da3-a1f5-16256c443e75,smashed.fyi,available,6.98,9.68,medium,low,7,namecheap,,,09/08/2026 15:50
e07d07c8-e244-4b0a-9c45-6a6f868cb91c,factually.fyi,available,6.98,9.68,high,low,9,namecheap,,,14/09/2026 17:27
8d41b837-2fd3-44d1-a54e-f7e629b70810,plaguey.fyi,available,6.98,9.68,low,low,7,namecheap,,,
15bb2b19-a82e-4b2f-bc43-da4467487316,fishermen.fyi,available,7.5,,medium,low,9,unstoppable,,,29/09/2026 10:38
b03d9c9e-5279-4202-b1b4-c60b9e3b4218,vaccination.fyi,premium,17.7,17.7,high,low,11,namesilo,,,
879dfb6b-815d-4283-8f2e-651bae731876,kelvin.fyi,premium,17.7,17.7,high,low,6,namesilo,,,22/08/2026 15:02
a85e7ff3-8f3c-4eec-905e-633aefa92a42,rachael.fyi,premium,8.47,16.9,medium,low,7,porkbun,,,30/09/2026 04:45
e4625d89-a294-4b2e-afcf-1845092a6a54,antigen.fyi,available,17.99,17.99,high,low,7,namesilo,,,19/09/2026 14:24
9f628f40-46f8-4b17-86bd-63917d376356,splashed.fyi,available,9.99,9.99,high,low,8,name.com,,,13/08/2026 15:18
a396d14c-7aa4-460c-a8be-bf2c34e9e427,ovary.fyi,available,17.99,17.99,high,low,5,namesilo,,,01/10/2026 03:11
3bbad5e4-9dcd-449d-a1c3-0d77aac0b170,undisciplined.fyi,available,5.57,5.57,medium,low,13,dynadot,,,01/10/2026 06:56
3c5a5fe3-7d0d-431c-aff7-30835ed8cdca,rightfully.fyi,available,6.98,9.68,medium,low,10,namecheap,,,15/09/2026 23:44
71dbc1ca-afa8-42da-9ab9-6d8d605de7ff,affliction.fyi,available,17.99,17.99,medium,low,10,namesilo,,,17/09/2026 14:39
01272094-04ba-46a7-9490-011a90141079,jena.fyi,premium,19.5,19.5,medium,low,4,namecheap,,,22/09/2026 15:18
f126c631-4f26-4da1-aebb-5aaa169fc160,insincere.fyi,available,6.98,9.68,medium,low,9,namecheap,,,22/08/2026 07:08
91e282ba-f432-4bda-b3e0-f5293fc2139b,greenberg.fyi,premium,17.7,17.7,high,low,9,namesilo,,,27/09/2026 04:16
230713ab-9c81-4785-afb2-cd0b155b30f5,medically.fyi,available,6.98,9.68,medium,low,9,namecheap,,,15/09/2026 13:56
ca6037e0-7682-403b-af18-159e474d28ed,valved.fyi,available,6.98,9.68,medium,low,6,namecheap,,,13/09/2026 01:03
cc5cd84c-073f-487a-8d27-52c63d67e553,humanistic.fyi,available,6.98,9.68,high,low,10,namecheap,,,21/08/2026 14:53
f0bf2155-e2e5-4101-bdf7-bb516eadfafe,furrowed.fyi,available,6.98,9.68,medium,low,8,namecheap,,,18/08/2026 18:55
b36086e6-7bfb-4903-ba61-befd5f56600d,aneroid.fyi,available,6.98,9.68,medium,low,7,namecheap,,,
eda9b768-4e59-4b39-9873-a37508c6c946,soundly.fyi,premium,17.7,17.7,medium,low,7,namesilo,,,16/09/2026 05:34
40d4bdce-a72f-4a58-862c-48dc995435fe,equals.fyi,premium,19.5,19.5,medium,low,6,namecheap,,,18/09/2026 22:09
d1f17551-9909-45c9-af32-dcc6cbb6d4ea,perceptions.fyi,available,5.66,5.66,medium,low,11,porkbun,,,02/10/2026 03:23
0c578c81-2379-4efe-a760-7577094a9a4f,astringent.fyi,available,6.98,9.68,medium,low,10,namecheap,,,
55643a21-3ec2-4bfb-89f1-13a017d210c3,unwritten.fyi,premium,17.7,17.7,high,low,9,namesilo,,,04/09/2026 17:17
13b52b96-2f43-4df0-b543-3ebc89e569ca,action.fyi,resell,,,high,medium,6,"GoDaddy.com, LLC",31/03/2025 19:40,31/03/2027 19:40,02/10/2026 00:12
8f40266c-acdc-43bb-9ee2-e06e1b13ca42,clemens.fyi,premium,15.73,15.73,medium,low,7,spaceship,,,27/09/2026 12:32
57747f1e-775e-4971-90a3-80dab5533379,adulterate.fyi,available,6.98,9.68,medium,low,10,namecheap,,,
a28740b2-8909-480e-a60a-b56252bef987,neurological.fyi,available,5.57,5.57,medium,low,12,dynadot,,,29/09/2026 16:30
4bf69f72-7757-472d-9950-2dee70b810a4,hopeless.fyi,available,6.98,9.68,medium,low,8,namecheap,,,21/08/2026 13:54
b6c282ae-474a-42cf-a821-4b8478c862e5,collectors.fyi,premium,,,high,low,10,,,,29/09/2026 17:58
e6cbd50a-36b9-450c-a477-9ebdf0018173,schenectady.fyi,available,17.7,17.7,medium,low,11,namesilo,,,28/09/2026 12:25
37442b29-1730-4e18-b8da-1ed7c0114784,archdeacon.fyi,available,9.99,9.99,medium,low,10,name.com,,,20/09/2026 01:53
4f49ea7e-fb60-4f00-ac1d-4ea60f2761cb,sleazy.fyi,available,6.98,9.68,medium,low,6,namecheap,,,11/08/2026 09:04
37afec74-ad69-4a13-893f-1d205c5277bf,ruin.fyi,premium,17.7,17.7,high,low,4,namesilo,,,08/08/2026 13:39
45fb9e89-c2a4-4843-a7bc-4ed232e44050,bluster.fyi,available,6.98,9.68,medium,low,7,namecheap,,,11/08/2026 01:07
ee2fd32a-0d1b-4142-b7ee-fa3b686cef60,tierce.fyi,available,6.98,9.68,medium,low,6,namecheap,,,
73ee7057-200a-4dbe-a036-96e954f0a594,blacklist.fyi,premium,17.7,17.7,high,low,9,namesilo,,,24/09/2026 00:17
2c42f30c-b19e-4320-acc8-d07bbcb3a7b0,judgmental.fyi,available,6.98,9.68,medium,low,10,namecheap,,,22/08/2026 14:10
8c52487f-31dc-4120-a48f-ce81bf92b6b0,waste.fyi,resell,,,high,low,5,"GoDaddy.com, LLC",28/07/2023 22:03,28/07/2027 22:03,26/09/2026 10:04
d0f5e76a-a088-487a-9e81-f7ec6479025c,rigil.fyi,available,6.98,9.68,medium,low,5,namecheap,,,18/09/2026 13:35
fc137539-edcc-4b70-85bc-49e5fb91f5d2,justification.fyi,premium,17.7,17.7,medium,low,13,namesilo,,,
dbe91afe-6d24-48f9-a84a-5f422fc9003f,tackle.fyi,available,17.7,17.7,high,low,6,namesilo,,,28/09/2026 05:46
dfe26e61-6587-4a36-b121-ca95fff23ed8,fluke.fyi,premium,19.5,19.5,medium,low,5,namecheap,,,01/10/2026 02:12
e9d3c477-a18a-4ac5-8da3-cda1774d55f3,platitude.fyi,available,6.98,9.68,medium,low,9,namecheap,,,12/08/2026 19:12
b7cfa7ff-255a-42af-b20f-4c29c987357f,brenner.fyi,premium,16.5,16.5,medium,low,7,dynadot,,,28/09/2026 22:08
2506a313-7e54-4f1d-b187-fc2d1fda420f,facto.fyi,premium,8.47,16.9,medium,low,5,porkbun,,,30/09/2026 23:44
aaaa2ecd-d3e6-45e3-a184-38d85616352e,vanadium.fyi,premium,17.7,17.7,medium,low,8,namesilo,,,20/09/2026 22:37
9932f1d0-952e-4ede-83a2-5b5345be4772,bayern.fyi,available,17.7,17.7,high,low,6,namesilo,,,30/09/2026 23:25
a67b484f-7a03-45d0-80ef-73b47d41e2c7,genuine.fyi,premium,17.7,17.7,high,low,7,namesilo,,,24/09/2026 13:20
db1efcd0-c818-47a0-b484-fa518b94e2c1,maximize.fyi,available,17.7,17.7,high,low,8,namesilo,,,29/09/2026 20:44
7aab70d0-86eb-46a6-8cff-9785ddf3b615,skanky.fyi,available,6.98,9.68,medium,low,6,namecheap,,,14/08/2026 10:49
ffb4ff02-d783-44b2-98af-69a7e94719a0,appalled.fyi,available,,,medium,low,8,,,,
336bf081-8846-4609-9487-dbf482a299e1,noctuidae.fyi,available,17.99,17.99,medium,low,9,namesilo,,,30/09/2026 17:16
2379a3db-1207-4f5f-a37e-d0d250a0480e,thunderous.fyi,available,9.99,9.99,medium,low,10,name.com,,,13/08/2026 19:56
cb6bb3d9-3d59-4782-a7b7-de932f1c4765,bioscience.fyi,available,6.98,9.68,high,low,10,namecheap,,,23/09/2026 18:59
500a3795-58aa-47da-873a-7f16359b439b,uninterrupted.fyi,available,5.2,5.2,medium,low,13,cloudflare,,,01/10/2026 06:00
2cd2cb21-f51d-496c-9718-178123fda3d6,cheekbone.fyi,available,6.98,9.68,high,low,9,namecheap,,,13/09/2026 15:41
37e3a283-f244-4fe1-8b39-8b14c96609ef,siege.fyi,premium,17.7,17.7,high,low,5,namesilo,,,23/09/2026 04:50
5e63ce22-882b-47d5-9289-91f318c5953d,guarnieri.fyi,premium,17.7,17.7,medium,low,9,namesilo,,,19/09/2026 04:23
7b679924-78e3-47f1-9a35-8b5f35271643,chesterton.fyi,premium,19.5,19.5,medium,low,10,namecheap,,,30/09/2026 09:08
d4a91272-f7ec-4bf3-8125-05b802e32a84,dynamite.fyi,premium,17.7,17.7,high,low,8,namesilo,,,25/09/2026 22:28
bb228bcb-79f3-4a7d-93c8-5841310e8b69,colours.fyi,available,17.7,17.7,high,low,7,namesilo,,,29/09/2026 10:20
14ea68c4-7f9f-4ecd-9435-f17042d85a98,comatose.fyi,available,6.98,9.68,medium,low,8,namecheap,,,12/08/2026 18:25
c410fde2-9475-49fc-b0c1-f764386e9e70,ushers.fyi,available,17.99,17.99,medium,low,6,namesilo,,,20/09/2026 19:46
85897260-612c-451b-bc22-6f7627cc06f1,score.fyi,resell,,,high,low,5,"Sav.com, LLC",18/09/2025 23:05,18/09/2027 23:05,27/09/2026 18:29
72c6300b-8fd4-4ddf-9546-d7b41f926850,theatres.fyi,available,17.99,17.99,medium,low,8,namesilo,,,20/09/2026 19:41
340bd151-36d6-4de2-96ce-020892528f3a,arity.fyi,available,17.99,17.99,medium,low,5,namesilo,,,20/09/2026 06:02
a57253af-b5a3-40b8-9fea-b2fc6d354997,substitution.fyi,available,9.68,,high,low,12,namecheap,,,
421d3678-f65f-47c1-915a-c0edb3121170,metallic.fyi,premium,17.7,17.7,high,low,8,namesilo,,,24/08/2026 21:34
895a918f-08f2-4d1f-ac9a-28d6eb9bf73d,offside.fyi,premium,17.7,17.7,medium,low,7,namesilo,,,04/09/2026 01:39
45360266-672a-404c-a75a-044dbb859fc7,douglas.fyi,premium,17.7,17.7,high,low,7,namesilo,,,27/09/2026 13:08
be2661ec-e21c-4bbd-a5d3-8f55bbf63225,unladylike.fyi,available,6.98,9.68,medium,low,10,namecheap,,,12/09/2026 14:39
e218e106-7754-45d9-becf-79b6a06d839f,partially.fyi,available,6.98,9.68,medium,low,9,namecheap,,,15/09/2026 18:59
f7d7d2ab-beac-47ee-a411-ec6726838eb6,darkly.fyi,available,6.98,9.68,medium,low,6,namecheap,,,14/09/2026 10:39
df646fd0-f43c-434d-8652-63462dc517da,anthidium.fyi,available,17.99,17.99,medium,low,9,namesilo,,,19/09/2026 13:22
f60d692d-a52f-4a92-9eea-3d2dcdc6edae,neolithic.fyi,available,6.98,9.68,medium,low,9,namecheap,,,03/09/2026 15:25
f7f1f33e-5ef0-4586-ab5a-5bc6188dcc4d,marlowe.fyi,available,17.7,17.7,medium,low,7,namesilo,,,28/09/2026 18:43
5d741801-ff3e-44a0-bd8b-95411c701bf3,goosey.fyi,available,6.98,9.68,medium,low,6,namecheap,,,14/08/2026 16:06
2840d9d8-0fbe-4593-a84a-9aebf7dbd850,invention.fyi,premium,15.73,15.73,high,low,9,spaceship,,,28/09/2026 02:09
a7d9fc34-19ef-4ef9-ba59-55364922c51e,nicaea.fyi,available,5.38,5.38,medium,low,6,spaceship,,,02/10/2026 04:51
ec4bb883-c443-45d7-b68b-afd85fca45c2,closing.fyi,premium,17.7,17.7,high,low,7,namesilo,,,08/09/2026 06:59
aa176090-7483-4295-948c-6c12a61bd64f,vertical.fyi,premium,17.7,17.7,high,low,8,namesilo,,,24/09/2026 14:52
8a8456b2-0fc1-42b1-b875-b2bd45780371,waco.fyi,premium,15.73,15.73,high,low,4,spaceship,,,28/09/2026 06:51
c167ef61-6f0e-4b70-aaba-e4ee26c06845,baiza.fyi,premium,19.5,19.5,medium,low,5,namecheap,,,21/09/2026 19:33
e4e6fc1e-1153-4f7a-8241-f597489c8d00,enzymatic.fyi,available,6.98,9.68,medium,low,9,namecheap,,,17/08/2026 10:08
d17ecb91-6829-4d5a-8e04-544cbd8b00e5,mortified.fyi,available,6.98,9.68,medium,low,9,namecheap,,,18/08/2026 20:17
3d882d4a-c558-40a9-97b0-bae1b006cf8b,pee.fyi,premium,17.7,17.7,medium,low,3,namesilo,,,13/09/2026 09:51
b30c9baa-bb90-4b68-aff4-9f583780a834,shaped.fyi,available,6.98,9.68,high,low,6,namecheap,,,25/08/2026 03:44
1291aa67-827d-4d9c-a7bc-13f22450f460,arsenic.fyi,available,6.98,9.68,medium,low,7,namecheap,,,13/09/2026 21:07
eed05895-b6f3-4b93-b9d8-9ce76c1ec231,storied.fyi,premium,17.7,17.7,medium,low,7,namesilo,,,21/08/2026 09:55
eab38fc5-05bb-4056-9ae7-a1286eec122f,subjective.fyi,premium,17.7,17.7,high,low,10,namesilo,,,25/09/2026 07:50
479ed167-6cc2-483f-a93c-b1234eee9f3b,rectified.fyi,available,6.98,9.68,medium,low,9,namecheap,,,09/09/2026 11:55
85d7a3fa-b041-4e99-92c7-32bd04beebae,hooker.fyi,premium,17.7,17.7,medium,low,6,namesilo,,,25/09/2026 22:46
638ac18e-90e4-4721-8b6a-92070fdc5d17,pizzeria.fyi,premium,15.5,17.7,high,low,8,unstoppable,,,30/09/2026 06:58
90dcfb61-2488-4006-a348-56f756a2d50b,abram.fyi,available,17.7,17.7,high,low,5,namesilo,,,28/09/2026 15:50
cc75b37d-4247-46e7-8030-8026b4319c37,absolver.fyi,available,6.98,9.68,medium,low,8,namecheap,,,16/09/2026 18:07
90f6451c-182d-4f30-89b7-09c71e219cdc,whizz.fyi,premium,19.5,19.5,high,low,5,namecheap,,,21/09/2026 18:06
4a9472b4-4fb8-48ee-aa74-5c5e5ade237c,cruel.fyi,premium,19.5,19.5,high,low,5,namecheap,,,22/09/2026 17:21
5a38a55d-5e4b-4d9c-abe8-44e958e2bd07,unmapped.fyi,available,6.98,9.68,medium,low,8,namecheap,,,12/08/2026 02:55
0d8e483b-7ab7-41f0-a0be-b591a3d432f0,aggregates.fyi,available,6.98,9.68,low,low,10,namecheap,,,28/09/2026 08:51
6fa6826f-3ca9-46ff-97ce-0209187351be,madness.fyi,premium,17.7,17.7,high,low,7,namesilo,,,27/09/2026 04:07
fb583aeb-522f-4858-a585-9256ad61c30f,intriguing.fyi,available,17.99,17.99,high,low,10,namesilo,,,25/09/2026 10:52
7db47c94-759d-4734-8c73-29ac89a30959,silent.fyi,premium,17.7,17.7,high,low,6,namesilo,,,25/09/2026 22:10
97be546e-edea-4bd2-abf2-6da90f94a11c,hoofed.fyi,available,6.98,9.68,medium,low,6,namecheap,,,21/08/2026 13:40
3ec0f750-3a90-4c02-9831-b5918a795f64,plankton.fyi,available,5.38,5.38,high,low,8,spaceship,,,01/10/2026 21:18
94ffda0d-1b8a-44ec-9b94-316586741dc5,acervate.fyi,available,6.98,9.68,medium,low,8,namecheap,,,
cf00c1fc-02ea-42ce-9137-ccc487e12517,arequipa.fyi,premium,17.7,17.7,medium,low,8,namesilo,,,20/09/2026 03:53
30ed4113-d705-4300-82cb-0aeb70cab897,donkeys.fyi,available,17.99,17.99,medium,low,7,namesilo,,,20/09/2026 00:20
e7089c5f-1a35-4b5c-9420-25d9f065888d,flavour.fyi,premium,15.73,15.73,high,low,7,spaceship,,,01/10/2026 19:33
117d58d8-7913-469d-b8f5-f529671e00e5,looking.fyi,premium,17.7,17.7,high,low,7,namesilo,,,25/09/2026 14:19
c5da7926-4883-442f-a314-9085aa889e62,treasonous.fyi,available,6.98,9.68,medium,low,10,namecheap,,,17/08/2026 21:20
eb5a07de-f9b8-4fb0-8533-e9c0ee64972a,plowed.fyi,available,6.98,9.68,medium,low,6,namecheap,,,08/09/2026 21:24
acf212bf-ea7c-43c9-8c3f-ec7100460491,laughter.fyi,premium,17.7,17.7,high,low,8,namesilo,,,30/09/2026 02:09
34dde3f3-411c-421a-b6aa-678d206446ca,sere.fyi,available,6.98,9.68,medium,low,4,namecheap,,,14/08/2026 19:03
6b80615c-1aaa-4cba-bf42-64ba9df76bf5,rancor.fyi,available,17.99,17.99,medium,low,6,namesilo,,,23/09/2026 23:05
9e70058a-9e9d-4f9e-bae4-306835267a0c,surmise.fyi,available,6.98,9.68,high,low,7,namecheap,,,11/09/2026 04:51
d442e8e5-3237-4ba1-860d-c1d81a569724,norms.fyi,available,9.68,,medium,low,5,namecheap,,,
7b3091d8-65cf-4a62-9397-d8d66ee6f0e4,modena.fyi,premium,15.5,,medium,low,6,unstoppable,,,29/09/2026 03:43
eec8d995-a8b5-402b-bd35-777c4de5a37e,loaf.fyi,premium,17.7,17.7,high,low,4,namesilo,,,11/09/2026 08:31
bc30d926-d1f0-41c1-b728-14cc05a3ce4e,hurd.fyi,premium,16.5,16.5,medium,low,4,dynadot,,,28/09/2026 22:24
dcc1e74f-7fd6-48ef-bf45-90c8d85c5665,checking.fyi,premium,17.7,17.7,high,low,8,namesilo,,,25/09/2026 12:11
a0b30ff9-320e-4acf-b52e-f59f7a5a1177,baffling.fyi,available,6.98,9.68,medium,low,8,namecheap,,,08/08/2026 08:02
49b2be51-7a7f-4788-b3c3-a6a7bd3f1343,recessions.fyi,available,17.99,17.99,low,low,10,namesilo,,,21/09/2026 06:29
2a46e1dc-1d34-49cb-a75e-7918bbfe39e5,proposition.fyi,available,7.5,,high,low,11,unstoppable,,,28/09/2026 03:24
29045aaf-e6b8-4991-9bcb-58060e78354e,kano.fyi,available,17.7,17.7,high,low,4,namesilo,,,29/09/2026 09:07
78b77ceb-42c6-4aab-b642-7f941b3666fe,upheld.fyi,available,5.38,5.38,medium,low,6,spaceship,,,01/10/2026 13:41
fc40b91d-2988-4aae-a0f8-a10356432e12,larger.fyi,premium,19.5,19.5,high,low,6,namecheap,,,22/09/2026 20:38
8fa60c7a-5692-4dc9-9194-4cafe5afb3ac,soggy.fyi,available,6.98,9.68,high,low,5,namecheap,,,10/08/2026 17:14
e803c5e7-7cf0-49cd-a1da-ee142409b849,colly.fyi,available,6.98,9.68,medium,low,5,namecheap,,,14/08/2026 09:17
d6f78b18-adcd-4166-89ca-88e33e4d8a60,counting.fyi,premium,17.7,17.7,high,low,8,namesilo,,,25/09/2026 04:26
0fa7bc3b-2fb0-46e2-b8b7-68bd0dbeb04e,nighted.fyi,available,6.98,9.68,low,low,7,namecheap,,,09/08/2026 14:33
c6f0a418-625f-47cd-96bc-80e67e4aa377,pluses.fyi,available,17.99,17.99,medium,low,6,namesilo,,,21/09/2026 02:09
6f3fa545-60a9-4350-90ae-8998ed0f01d1,anglesey.fyi,premium,17.7,17.7,high,low,8,namesilo,,,19/09/2026 06:27
9150077d-22f3-4417-8111-ad6aaa4e168a,illegible.fyi,available,6.98,9.68,medium,low,9,namecheap,,,21/08/2026 19:48
37edb65b-214a-46f8-a453-8f11fda5dbdc,danube.fyi,premium,15.5,,medium,low,6,unstoppable,,,01/10/2026 01:40
6c1dc965-6bf5-4e73-b4a8-93c0e01634d0,aerogramme.fyi,available,9.99,9.99,medium,low,10,name.com,,,17/09/2026 13:05
59e1bd83-bae7-46ca-893d-168eceb075f1,omnivorous.fyi,available,6.98,9.68,medium,low,10,namecheap,,,04/09/2026 13:56
9377d87f-d9ee-465d-a3be-2a8cd8b97ac3,blazer.fyi,premium,17.7,17.7,high,low,6,namesilo,,,24/09/2026 05:03
8201088b-5995-4f60-af4f-9a71b9e07427,literatim.fyi,available,6.98,9.68,medium,low,9,namecheap,,,15/09/2026 12:34
542e3a79-ac3b-4084-aaa2-2ec1d96cdb45,enrollment.fyi,available,17.7,17.7,high,low,10,namesilo,,,02/10/2026 05:38
0f742115-c4b2-4362-9252-3f8447f376cc,cordova.fyi,available,17.7,17.7,medium,low,7,namesilo,,,29/09/2026 11:58
76165746-3b4b-435e-9e37-4c8207d7cb48,wheezy.fyi,available,6.98,9.68,medium,low,6,namecheap,,,07/08/2026 09:31
7b4d0c1a-ea61-4897-a246-fc3c1bdb1df2,behaved.fyi,available,5.2,5.2,medium,low,7,cloudflare,,,30/09/2026 05:57
44651866-9e39-41b5-b426-97e35256e4bc,lazio.fyi,premium,15.73,15.73,medium,low,5,spaceship,,,30/09/2026 17:51
1ac6d7bc-4902-406d-b15d-9f742e9576a8,analogue.fyi,premium,17.7,17.7,high,low,8,namesilo,,,
af608e6d-7c67-44fc-9aeb-cadc0f8fa535,blustery.fyi,available,6.98,9.68,medium,low,8,namecheap,,,10/08/2026 16:31
77991d17-fc4e-43a7-a25e-9f713700350c,aluminum.fyi,premium,17.7,17.7,high,low,8,namesilo,,,18/09/2026 00:21
06bc64c6-0ae7-485e-bbb1-2e022409b5fb,numerical.fyi,premium,17.7,17.7,medium,low,9,namesilo,,,03/09/2026 22:52
bee1f6c2-b1c8-43fe-968a-83e7b967e3e3,reference.fyi,resell,,,high,low,9,"NameCheap, Inc.",11/03/2023 21:33,11/03/2027 21:33,28/09/2026 18:25
037c6f36-3f3a-435f-9ff5-6ba712038392,minority.fyi,premium,15.5,,high,low,8,unstoppable,,,28/09/2026 14:53
3558a24a-f552-4de1-bc2c-62b27f1aa39a,cuzco.fyi,available,5.2,5.2,medium,low,5,cloudflare,,,01/10/2026 19:08
0e2ce3e4-0037-453f-959c-01121b336eac,victims.fyi,available,6.98,9.68,medium,low,7,namecheap,,,18/09/2026 21:07
3d583d62-d3b8-4690-a2a3-743e1c440248,petroleum.fyi,premium,17.7,17.7,high,low,9,namesilo,,,13/08/2026 08:55
eecb8362-f1da-42e2-a5d0-eaf5371247bd,involved.fyi,premium,19.5,19.5,high,low,8,namecheap,,,25/09/2026 11:16
2caddeaf-48dd-4989-b68f-4ab0ebd3ea95,exhausting.fyi,available,6.98,9.68,medium,low,10,namecheap,,,14/08/2026 18:21
a58a8938-0286-4b36-abf3-e3590fc2f3d1,lowering.fyi,available,6.98,9.68,high,low,8,namecheap,,,25/09/2026 15:28
2f67ca85-1f4c-43bb-96b7-5f0b9a1059a7,zirconium.fyi,available,9.99,9.99,medium,low,9,name.com,,,20/09/2026 23:04
8580b1a5-6ba1-4439-91db-9e959ad5ddb4,springy.fyi,available,6.98,9.68,high,low,7,namecheap,,,10/08/2026 21:49
2eb36c04-0119-403a-88fd-b558dc8056b6,campania.fyi,premium,16.5,16.5,high,low,8,dynadot,,,30/09/2026 16:35
0ef147b3-c0d0-491a-b7a3-cd3bdcb2766d,hutton.fyi,premium,17.7,17.7,high,low,6,namesilo,,,25/09/2026 07:41
3fa9a1d8-a76d-48d0-8c11-264532887a01,wastebasket.fyi,available,5.38,5.38,high,low,11,spaceship,,,02/10/2026 00:52
c83fe55f-45ba-4fdc-986e-987cfa8ab438,aswan.fyi,premium,17.7,17.7,medium,low,5,namesilo,,,20/09/2026 16:34
04b50146-7d26-4352-ad30-e86db99c0fa1,thoughtful.fyi,premium,17.7,17.7,high,low,10,namesilo,,,21/08/2026 05:59
1929c897-b521-4a57-b744-432fb4f5d8e8,deflated.fyi,available,6.98,9.68,medium,low,8,namecheap,,,12/08/2026 02:17
aefa16c1-4171-4e40-92b0-2a8d70c45278,describes.fyi,available,5.38,5.38,medium,low,9,spaceship,,,29/09/2026 17:07
72e4c539-4e63-4d0f-990a-5961188e4c17,abashed.fyi,available,6.98,9.68,medium,low,7,namecheap,,,
651d4d03-22d3-444d-b5b8-faa3c05ceda8,musicals.fyi,premium,15.5,,medium,low,8,unstoppable,,,01/10/2026 17:51
d2437f9b-6fc3-4ae5-b0b9-300e57bf5647,adagio.fyi,premium,17.7,17.7,high,low,6,namesilo,,,
c3f9e0ed-00db-437a-9246-6ca6b0b4f699,jpeg.fyi,premium,,,high,low,4,,,,01/10/2026 22:27
67816f2e-ba7b-4681-a1d4-ebb12f82568b,senses.fyi,premium,17.7,17.7,high,low,6,namesilo,,,
24264d61-bfde-43b4-b0c2-1859b6dccfef,plodder.fyi,available,6.98,9.68,medium,low,7,namecheap,,,10/09/2026 20:23
4a0b425a-69f0-459e-a39a-4c5ce8696d9c,relations.fyi,premium,19.5,19.5,high,low,9,namecheap,,,30/09/2026 09:32
588998ec-4137-409e-ad45-a199b8816faa,disdain.fyi,premium,17.7,17.7,medium,low,7,namesilo,,,24/09/2026 17:41
69cd5019-1fab-4b92-b38d-10413b81c8b7,sawtooth.fyi,premium,17.7,17.7,medium,low,9,namesilo,,,
d9baca76-eede-4dc4-8ab7-5ea495ae9cfc,flourish.fyi,premium,15.5,,high,low,8,unstoppable,,,30/09/2026 16:29
7e100aca-f4ef-4599-ae17-dd746785a913,asin.fyi,available,17.99,17.99,medium,low,4,namesilo,,,20/09/2026 14:15
f196b532-9622-4aa4-a135-ed57d82c3c41,vaned.fyi,available,6.98,9.68,medium,low,5,namecheap,,,13/09/2026 01:06
59fa2cd6-c8d3-4d9c-b28e-812158c60d8f,wolverine.fyi,premium,17.7,17.7,high,low,9,namesilo,,,24/09/2026 12:48
e8fc8afe-7ba3-4cb7-b922-01fcbd043120,deity.fyi,premium,19.5,19.5,high,low,5,namecheap,,,24/09/2026 21:23
31c8ad91-4851-46c5-aa46-baefb545ce31,odious.fyi,available,6.98,9.68,medium,low,6,namecheap,,,
8f8c1d8f-0741-438d-9554-caac5431d8c3,ayr.fyi,premium,17.7,17.7,high,low,3,namesilo,,,21/09/2026 10:41
09f366ba-c858-4138-96dd-eacab09fdad4,vigilant.fyi,premium,17.7,17.7,high,low,8,namesilo,,,04/09/2026 16:01
366d8f74-84ad-472a-b5d5-05cbbc9db4b0,vacant.fyi,premium,17.7,17.7,high,low,6,namesilo,,,13/09/2026 00:38
1ba842ff-441b-450c-9412-3771514c8ab3,kenilworth.fyi,premium,,,medium,low,10,,,,01/10/2026 11:13
46939c08-7255-49d5-b5d9-304d473aec04,cimmerian.fyi,available,6.98,9.68,medium,low,9,namecheap,,,12/08/2026 08:11
79448a46-7646-469c-811f-41594d9c4e27,wildly.fyi,available,6.98,9.68,medium,low,6,namecheap,,,16/09/2026 11:29
eb7a1029-57de-41a0-b97b-e62b14d36815,vows.fyi,available,7.5,,medium,low,4,unstoppable,,,28/09/2026 04:45
6d2e52be-5263-4af2-99b5-e37ab851fb5a,footage.fyi,available,5.38,5.38,high,low,7,spaceship,,,28/09/2026 01:55
b153a7fc-81f0-47a1-8241-669e2ae20ac7,clears.fyi,available,6.98,9.68,high,low,6,namecheap,,,29/09/2026 17:52
1bfbcd7a-e107-4a7a-b866-d03ae0f97a5f,yule.fyi,premium,17.7,17.7,high,low,4,namesilo,,,24/09/2026 14:52
f5761ee0-aaa3-49aa-b82c-b921d36821ef,outermost.fyi,available,6.98,9.68,high,low,9,namecheap,,,04/09/2026 19:17
3e2deab8-e5c3-4e92-8f9a-91ad406f7d6f,tanned.fyi,available,6.98,9.68,high,low,6,namecheap,,,11/08/2026 05:50
8a51aa48-b709-4701-8bc3-891d7b56c760,fooling.fyi,available,6.98,9.68,high,low,7,namecheap,,,18/08/2026 10:35
4a650132-f01c-4f80-b513-80d03b2b9326,sedate.fyi,available,6.98,9.68,high,low,6,namecheap,,,20/08/2026 18:40
21718445-7755-46cc-a67c-91b67d78227b,ampere.fyi,premium,17.7,17.7,high,low,6,namesilo,,,18/09/2026 23:06
5087b5f7-7c52-4a8f-a2fd-2ddc6b4f18d8,overcomes.fyi,available,17.99,17.99,medium,low,9,namesilo,,,21/09/2026 04:26
a2aac11a-e3e1-4fa0-88b1-747986db8725,batholith.fyi,available,17.99,17.99,medium,low,9,namesilo,,,22/09/2026 13:43
8903eddb-daeb-453b-be1b-ad2b5b56a786,drawings.fyi,available,6.98,9.68,low,low,8,namecheap,,,28/09/2026 13:09
e8579550-1a5b-49e6-b53a-19ba04880467,armenian.fyi,premium,17.7,17.7,high,low,8,namesilo,,,06/08/2026 19:39
14fe935c-c9e9-487c-91a3-72476b83c5d4,anacardium.fyi,available,17.99,17.99,medium,low,10,namesilo,,,19/09/2026 00:59
855a1509-3908-416f-8d02-06e1f86ae139,space.fyi,resell,,,high,medium,5,"GoDaddy.com, LLC",03/09/2015 21:26,03/09/2027 21:26,01/10/2026 00:37
b1d36be0-8dd0-4f33-ba7e-64439bc0baa7,skyline.fyi,premium,19.5,19.5,high,low,7,namecheap,,,19/09/2026 20:18
9103b7f9-a6a3-46e2-b241-96b4b98cb1d2,radioed.fyi,available,6.98,9.68,medium,low,7,namecheap,,,20/09/2026 15:44
7857918a-e37e-49bb-9735-9d8c2e7e9942,holes.fyi,available,9.68,,medium,low,5,namecheap,,,
c57ae4b3-c4f2-4a5c-a016-ce5620a0ec3f,owe.fyi,premium,15.73,15.73,high,low,3,spaceship,,,30/09/2026 21:17
ba7d34cc-afe9-4677-80e0-89d0f63fdabc,artificial.fyi,resell,,,high,low,10,Dynadot Inc,10/02/2023 22:23,10/02/2027 22:23,02/10/2026 01:38
59da797e-f511-400c-b718-04cb6ad85072,patronize.fyi,available,6.98,9.68,medium,low,9,namecheap,,,18/08/2026 15:08
102caacc-1822-4c42-bf1e-6cd50f025a70,frock.fyi,available,6.98,9.68,medium,low,5,namecheap,,,14/08/2026 18:55
5f18f2b2-6c6f-4177-8a5c-38f0e53a14c5,ceased.fyi,available,17.99,17.99,medium,low,6,namesilo,,,29/09/2026 23:45
49862a07-c355-489c-acc5-3557273bc2d0,dame.fyi,premium,19.5,19.5,high,low,4,namecheap,,,24/09/2026 20:56
feb808cf-96d8-4560-bf0a-eaf28e14a9c6,managed.fyi,premium,15.73,15.73,high,low,7,spaceship,,,01/10/2026 02:50
cde5a4ef-d2f9-42be-b1c7-8f3542c0c0cb,abenaki.fyi,available,6.98,9.68,medium,low,7,namecheap,,,
530b7cd7-5cfe-45b0-9144-1f18b9434eb3,darwinian.fyi,available,9.99,9.99,medium,low,9,name.com,,,13/08/2026 18:25
d07d2733-3458-477d-956d-838e7442fdff,barrier.fyi,premium,8.47,16.9,medium,low,7,porkbun,,,29/09/2026 01:15
1aee0f23-cb20-4915-be03-8cd7bbbdcae6,meditative.fyi,available,6.98,9.68,high,low,10,namecheap,,,11/08/2026 05:56
6c0d48db-509e-4ba8-b80e-1142dc1d0086,actinidia.fyi,available,17.99,17.99,medium,low,9,namesilo,,,17/09/2026 04:47
c70c9858-8ffe-4271-986a-f48a404bf621,healthful.fyi,premium,17.7,17.7,high,low,9,namesilo,,,21/08/2026 02:02
987e3438-4cc4-4c59-b181-0d163f0c1f40,installment.fyi,available,17.99,17.99,high,low,11,namesilo,,,30/09/2026 19:52
e5f38658-568f-45e2-a243-01a5b1f79ea0,canceled.fyi,premium,17.7,17.7,medium,low,8,namesilo,,,27/09/2026 22:41
be99839a-d0d7-4853-8d80-4b26b72b7164,nickerson.fyi,premium,,,medium,low,9,,,,02/10/2026 00:40
70a0348e-d414-4d48-84c9-fc9dc3e5af88,braky.fyi,available,6.98,9.68,low,low,5,namecheap,,,11/08/2026 01:57
8f5e68c4-1c23-44d2-a41d-13e581c74c06,peacefully.fyi,available,6.98,9.68,high,low,10,namecheap,,,15/09/2026 19:23
4a8b4987-d185-4435-97d8-91bb5c2f1343,maud.fyi,premium,15.73,15.73,medium,low,4,spaceship,,,01/10/2026 07:00
0fcae92d-9f78-4c4a-8294-d24cf75a1f91,daughter.fyi,available,17.99,17.99,high,low,8,namesilo,,,29/09/2026 13:15
9bfaa8bf-a185-4f48-90f8-d1daccfb3698,commanded.fyi,available,5.38,5.38,medium,low,9,spaceship,,,29/09/2026 16:38
145c7c34-cb50-4400-9baa-2ccd55dd3484,turtledove.fyi,available,6.98,9.68,medium,low,10,namecheap,,,21/09/2026 04:53
21c9ce89-1b82-47e3-b322-57fb49eec34f,terminology.fyi,available,17.99,17.99,high,low,11,namesilo,,,30/09/2026 05:58
2380ce5e-d474-49a1-bc89-928cab1c39d1,dying.fyi,available,17.99,17.99,high,low,5,namesilo,,,24/09/2026 12:37
4516f50e-e01c-4dca-baa0-91ab336298c4,winds.fyi,premium,17.7,17.7,medium,low,5,namesilo,,,27/09/2026 22:44
630512f8-ad9d-47f1-9499-6c2f2eeb1ede,ruled.fyi,available,17.99,17.99,high,low,5,namesilo,,,27/09/2026 16:50
ba76af10-8dbd-4975-b14c-fb104ed9a46a,bricole.fyi,available,17.99,17.99,medium,low,7,namesilo,,,20/09/2026 00:36
edbc39d1-984f-481a-9ec8-1b1e31fbf6d0,peddling.fyi,available,5.38,5.38,medium,low,8,spaceship,,,30/09/2026 02:33
04273652-9a99-4c2f-a89c-bb8a575f8b63,nourishing.fyi,available,6.98,9.68,high,low,10,namecheap,,,19/09/2026 17:50
901d4659-858e-43a6-8014-bec576884031,autosexing.fyi,available,9.99,9.99,medium,low,10,name.com,,,21/09/2026 07:42
39177052-072c-4729-9b5b-ad7928e60f5b,cures.fyi,available,5.38,5.38,high,low,5,spaceship,,,02/10/2026 03:22
e5c21cc8-ae36-4477-9d78-69f843fc71ee,refuge.fyi,premium,19.5,19.5,high,low,6,namecheap,,,20/09/2026 18:32
9d788298-fed4-4539-af1b-d98e4a2f6883,spaceman.fyi,premium,19.5,19.5,high,low,8,namecheap,,,20/09/2026 17:58
ede0ed32-4b4f-4126-8455-fb4af097ffff,marquez.fyi,available,17.7,17.7,medium,low,7,namesilo,,,30/09/2026 21:51
cda38f84-28f7-4434-9c76-8519d1262ad6,synchronized.fyi,available,5.38,5.38,high,low,12,spaceship,,,29/09/2026 21:20
701d68be-4fb8-4d6e-8d67-e914cfe7fa4d,bandicoot.fyi,available,17.99,17.99,medium,low,9,namesilo,,,22/09/2026 01:13
3a4728d8-8ebc-4ce0-a1fb-c1a6897008e3,processes.fyi,available,17.7,17.7,medium,low,9,namesilo,,,30/09/2026 06:07
ccb39a91-0b25-4e76-a904-7d24f203fa91,clap.fyi,premium,15.73,15.73,high,low,4,spaceship,,,29/09/2026 09:38
ccfec3d6-abf3-4bd2-9665-19c4ce3a311a,atrazine.fyi,available,17.99,17.99,medium,low,8,namesilo,,,21/09/2026 00:37
3503b9de-b455-47b3-b0d6-2d7501e4e045,altair.fyi,premium,18.75,18.75,medium,low,6,name.com,,,18/09/2026 14:31
75f26edf-548f-4207-ba5d-03f3ab37ce3d,bextra.fyi,available,17.99,17.99,medium,low,6,namesilo,,,23/09/2026 12:09
5e287c56-1e31-4f09-8e94-80623071e7ec,ahuehuete.fyi,available,6.98,9.68,medium,low,9,namecheap,,,17/09/2026 20:34
e3b12225-1f35-4128-912b-5c80b2f9ebf9,wilbur.fyi,premium,17.7,17.7,medium,low,6,namesilo,,,27/09/2026 07:43
f785f3e6-b4b9-4935-8d1c-204ef7550bc3,indirect.fyi,available,6.98,9.68,high,low,8,namecheap,,,12/08/2026 16:43
892132b2-108d-4ac3-b453-775153b488ce,ado.fyi,premium,19.5,19.5,high,low,3,namecheap,,,17/09/2026 09:17
504f9589-f018-4ace-8230-b05019eaa6f1,mediaeval.fyi,available,6.98,9.68,medium,low,9,namecheap,,,24/08/2026 18:49
cb0ac746-cadd-41a7-a271-5226e6eddb10,hangman.fyi,available,17.7,17.7,high,low,7,namesilo,,,02/10/2026 05:10
582a419f-a66d-495e-878b-1eeadaee2391,emptied.fyi,available,17.99,17.99,medium,low,7,namesilo,,,01/10/2026 00:20
c64d4b98-578f-4d72-bd0c-271745db5800,brinkley.fyi,premium,16.5,16.5,high,low,8,dynadot,,,01/10/2026 11:00
aad5a20d-2534-470f-8724-0eb7776959d5,architrave.fyi,available,17.99,17.99,medium,low,10,namesilo,,,20/09/2026 02:17
0affff14-96f4-4dc3-84dd-42fd40059eaf,frequent.fyi,available,6.98,9.68,high,low,8,namecheap,,,18/08/2026 15:06
418a2015-bf13-49e8-8b0f-3f076c8dae01,contradict.fyi,available,5.38,5.38,high,low,10,spaceship,,,30/09/2026 19:10
30c92214-8ab1-4882-89f1-226b04081991,encounter.fyi,premium,19.5,19.5,high,low,9,namecheap,,,25/09/2026 19:00
ff3ecd9c-c634-4b6c-bcae-adfc7e6b9e84,chemic.fyi,available,6.98,9.68,medium,low,6,namecheap,,,12/08/2026 04:12
1f392f2f-e361-4695-9b2c-08fbf1b98205,vagina.fyi,premium,15.5,,high,low,6,unstoppable,,,28/09/2026 15:31
1eab8b77-3b97-48c4-a882-cd412728b15d,florence.fyi,premium,15.73,15.73,high,low,8,spaceship,,,28/09/2026 05:43
5ae9c733-cf0c-46b5-ab61-d6d0e20a2860,blacktop.fyi,available,17.99,17.99,medium,low,8,namesilo,,,24/09/2026 03:24
705f0909-d807-4088-9405-a50e4254eb10,subspecies.fyi,available,17.99,17.99,medium,low,10,namesilo,,,02/10/2026 06:30
bed93dbf-840d-47be-babe-f9de82ed492c,revenant.fyi,premium,17.7,17.7,high,low,8,namesilo,,,09/09/2026 12:04
648937c7-8753-43e9-9027-a6eee56f6808,traced.fyi,available,7.5,,low,low,6,unstoppable,,,28/09/2026 13:04
60d87aba-418a-4f5d-897e-5529cc3fc2d1,brimless.fyi,available,6.98,9.68,medium,low,8,namecheap,,,11/08/2026 04:13
a73634b8-5c94-4ea1-84fe-ad3da7db1126,lemony.fyi,available,6.98,9.68,medium,low,6,namecheap,,,22/08/2026 23:24
5d6af83e-47cf-4bf8-b0dd-ee1277764053,rennie.fyi,available,17.7,17.7,high,low,6,namesilo,,,30/09/2026 12:40
b256e01d-b4f9-4a70-a050-8b2074ab12c0,sleepily.fyi,available,6.98,9.68,medium,low,8,namecheap,,,16/09/2026 02:32
0205bc44-971c-47ee-a1f5-98b210a7ea4f,november.fyi,premium,15.73,15.73,high,low,8,spaceship,,,30/09/2026 05:53
ec7b3c3c-65c9-484e-b889-6a6d54debec1,accelerator.fyi,premium,15.5,,high,low,11,unstoppable,,,02/10/2026 05:28
9926cd39-3478-4576-bb4b-eeebde384d8e,natty.fyi,premium,18.75,18.75,medium,low,5,name.com,,,13/08/2026 17:29
018149c8-1b5a-48e8-9cbd-283c99823d9a,invasion.fyi,premium,,,high,low,8,,,,27/09/2026 13:26
c9773e18-c383-4c14-a39f-454cf09b23ab,middlesex.fyi,premium,17.7,17.7,medium,low,9,namesilo,,,25/09/2026 13:32
0e5342a2-5823-4e73-864e-6276641ec7a1,gawky.fyi,available,6.98,9.68,medium,low,5,namecheap,,,12/08/2026 13:06
5c36c5be-58e7-48d9-921c-617aaa038989,uncooked.fyi,available,6.98,9.68,medium,low,8,namecheap,,,12/09/2026 06:09
da1e517a-192d-41f2-83c5-be93d4bbc5ef,spotify.fyi,available,,,high,high,7,,,,
825ea1e8-746a-499d-a852-70e641194897,ferocious.fyi,available,6.98,9.68,medium,low,9,namecheap,,,18/08/2026 02:05
001f0271-d46a-4e7a-898c-b3d7fcb3be33,ajuga.fyi,available,17.99,17.99,medium,low,5,namesilo,,,17/09/2026 23:42
b4aa773a-974e-4b2f-8751-618b627f6a8f,roundly.fyi,available,6.98,9.68,medium,low,7,namecheap,,,14/09/2026 00:45
f77d9c45-2120-4a7e-8df1-405f2378b634,felted.fyi,available,6.98,9.68,medium,low,6,namecheap,,,18/08/2026 01:00
544fdc65-6727-4731-b9be-ee8fe52408b9,durkheim.fyi,available,17.99,17.99,high,low,8,namesilo,,,02/10/2026 04:38
bac15760-ca61-4b2c-80dc-1e2082280bfa,laughing.fyi,available,17.99,17.99,high,low,8,namesilo,,,25/09/2026 16:41
b9e673ed-83e0-411c-a4fa-73ccebaf47a1,heave.fyi,available,5.38,5.38,medium,low,5,spaceship,,,01/10/2026 19:43
0b862c9c-39cb-4fe9-bb2c-94d8f3005e06,courtship.fyi,available,5.38,5.38,high,low,9,spaceship,,,29/09/2026 18:31
f3ec0a5d-a78e-4143-921b-96d6d7173843,rigour.fyi,available,6.98,9.68,medium,low,6,namecheap,,,20/09/2026 14:57
26c2be4b-820f-4e49-a8a5-c510b7e5cb30,joplin.fyi,premium,15.73,15.73,medium,low,6,spaceship,,,28/09/2026 19:32
29ba087c-b40e-47ca-9647-b74ff85178dc,authenticity.fyi,available,17.7,17.7,high,low,12,namesilo,,,29/09/2026 23:07
35c9f14b-0cf7-402f-b42d-15c617a39f2f,parenthood.fyi,available,17.99,17.99,high,low,10,namesilo,,,30/09/2026 10:48
2e11246b-ebec-4a59-a7ff-7515fdbf781e,stray.fyi,premium,17.7,17.7,high,low,5,namesilo,,,25/09/2026 11:32
a18b1dac-7681-4601-a032-9184936617b2,ealing.fyi,premium,15.73,15.73,medium,low,6,spaceship,,,30/09/2026 21:24
fa0d18fc-1382-4511-9b36-98e4f6c5e35d,edirne.fyi,premium,17.7,17.7,medium,low,6,namesilo,,,17/09/2026 10:01
fc3aeaaa-4f94-4102-8816-666716a79398,fanta.fyi,premium,8.47,16.9,high,low,5,porkbun,,,02/10/2026 06:24
fe8231fa-7e02-407e-b899-825419bb4ece,stoppage.fyi,available,6.98,9.68,medium,low,8,namecheap,,,20/08/2026 22:57
8497feba-6d5b-4852-bed7-a737f40c01dd,anybody.fyi,available,17.7,17.7,medium,low,7,namesilo,,,01/10/2026 00:36
dd8fd19c-5671-445b-a514-5d4884a5b230,olibanum.fyi,available,6.98,9.68,medium,low,8,namecheap,,,16/09/2026 09:03
581124d2-332c-4e27-9dab-dc28f46fe1c9,warning.fyi,premium,17.7,17.7,high,low,7,namesilo,,,13/09/2026 08:25
aa3d4bd9-8479-4f32-b0cc-f902004a4927,gritty.fyi,premium,17.7,17.7,medium,low,6,namesilo,,,12/08/2026 14:03
88fd5151-fa75-484d-a65e-0ee3e13d141a,materially.fyi,available,6.98,9.68,medium,low,10,namecheap,,,15/09/2026 13:37
315318a4-80ea-4ba5-8aaf-90252a60e7c2,lxxxiii.fyi,available,6.98,9.68,medium,low,7,namecheap,,,
f00da739-9544-4585-8f39-24f2d7377356,wrathful.fyi,available,6.98,9.68,medium,low,8,namecheap,,,13/09/2026 13:36
8584e509-3484-4380-8b15-6e26f83502cf,troyes.fyi,premium,16.5,16.5,medium,low,6,dynadot,,,01/10/2026 08:31
28a44b56-ad5f-4c66-9749-474aff89afa2,finish.fyi,premium,17.7,17.7,high,low,6,namesilo,,,08/09/2026 15:33
de9c6d56-5429-49a2-8a34-2cfbab08524a,recreated.fyi,available,6.98,9.68,medium,low,10,namecheap,,,09/09/2026 10:49
3fe6f2c8-0f45-4227-92df-1374659612dc,neighborhood.fyi,available,,,high,low,12,,,,
9157ca0f-c40c-43cf-987d-73082946969a,pompom.fyi,premium,17.7,17.7,medium,low,7,namesilo,,,
e196851d-46ee-4115-9770-a5c3cf892cfb,gangling.fyi,available,6.98,9.68,medium,low,8,namecheap,,,18/08/2026 20:08
87d1596e-2a0f-4ceb-bef0-e46abf9f653b,grime.fyi,premium,17.7,17.7,medium,low,5,namesilo,,,14/08/2026 09:15
6dd66c0f-86a0-4d6e-a5ae-b708c73c4d7d,jittery.fyi,available,6.98,9.68,medium,low,7,namecheap,,,15/08/2026 08:41
69efb266-c185-4e7e-b56c-2be896144a79,abnormal.fyi,premium,17.7,17.7,high,low,8,namesilo,,,21/09/2026 14:04
0c158113-24ff-4880-9b2f-feea80c3bcf7,prohibition.fyi,available,17.7,17.7,medium,low,11,namesilo,,,29/09/2026 15:19
b9fcef03-3bda-4458-ba52-b8658cae0e5c,misfortune.fyi,available,17.99,17.99,medium,low,10,namesilo,,,21/09/2026 16:43
fef5f370-c144-467c-9ca9-7d09ab63bd72,soldiers.fyi,available,9.68,,medium,low,8,namecheap,,,
9fea098f-89e6-49a6-838b-6692f82956da,rapids.fyi,available,5.57,5.57,high,low,6,dynadot,,,30/09/2026 05:25
716a443d-219b-41a7-bf89-528703a6998e,vociferous.fyi,available,6.98,9.68,medium,low,10,namecheap,,,12/08/2026 09:21
2b4f5d2d-7813-4111-8e14-80d2149bf66c,tasman.fyi,premium,19.5,19.5,medium,low,6,namecheap,,,16/09/2026 14:58
a20bcaa3-5b7a-4493-adda-57a278ffef72,recounts.fyi,available,17.99,17.99,medium,low,8,namesilo,,,30/09/2026 16:23
30d7009d-a3ce-4104-b13f-f09166158cfb,broderick.fyi,premium,15.73,15.73,high,low,9,spaceship,,,29/09/2026 21:41
9bbc511e-2fd4-43eb-b872-ece36da28327,impartial.fyi,available,6.98,9.68,high,low,9,namecheap,,,21/08/2026 21:45
49bdeded-30e2-473f-8f3f-185d403ba31e,foodless.fyi,available,6.98,9.68,medium,low,8,namecheap,,,18/08/2026 10:26
6194fdb7-1d3f-4198-baae-3f13832654b5,rewarding.fyi,available,5.66,5.66,high,low,9,porkbun,,,27/09/2026 14:47
96748833-69cc-49da-a221-5bae0428f773,disjoint.fyi,available,6.98,9.68,medium,low,8,namecheap,,,14/08/2026 11:09
c593b047-2684-43e8-a09d-170fcdbb3b68,abrachia.fyi,available,17.99,17.99,medium,low,8,namesilo,,,16/09/2026 16:47
d216571d-3c0d-4fd0-8713-7fd28cfb2a13,acquaintance.fyi,available,17.99,17.99,high,low,12,namesilo,,,28/09/2026 08:20
c80c9562-91fb-4013-96e9-be41ce6352a9,holdings.fyi,premium,85.8,85.8,medium,low,8,namecheap,,,17/09/2026 20:27
b691ff1c-8ecd-4b46-8dae-b0f7d9ab6390,strumpet.fyi,available,17.99,17.99,medium,low,8,namesilo,,,17/09/2026 10:22
ca0a20f7-8f0c-45ff-9404-a8f1224095dd,cos.fyi,resell,,,high,medium,3,"Sav.com, LLC - 18",27/08/2026 15:15,27/08/2027 15:15,26/09/2026 05:16
4f000ba8-87b0-48f6-9bbc-d5e67e4bb100,illinois.fyi,premium,18.75,18.75,high,low,8,name.com,,,21/08/2026 18:40
943c45e6-50cb-4e42-a35b-3f1633753068,cuffs.fyi,available,5.66,5.66,medium,low,5,porkbun,,,30/09/2026 14:55
a5a3410b-3b7f-4182-81d9-79b0c3e61d94,mould.fyi,premium,17.7,17.7,medium,low,5,namesilo,,,24/09/2026 15:22
e48e5f78-35b0-4d42-996e-223df97b430d,triggers.fyi,available,6.98,9.68,medium,low,8,namecheap,,,30/09/2026 07:44
e8cccf1f-446f-4a53-bd87-44b43d858f6e,afs.fyi,available,17.7,17.7,high,low,3,namesilo,,,02/10/2026 02:13
5735f63e-2b0e-415f-a71e-7206ed196fc2,pallor.fyi,available,17.99,17.99,medium,low,6,namesilo,,,17/09/2026 01:07
c5ef5819-20a2-4807-959e-3690b486b5d2,ridge.fyi,premium,15.73,15.73,high,low,5,spaceship,,,28/09/2026 03:01
f4d625ac-d8ce-4187-8c0a-136ac68c0b6a,attached.fyi,available,,,high,low,8,,,,
d7297761-bd8c-4798-a6f8-7e0f9c8d56e3,numeral.fyi,available,6.98,9.68,high,low,7,namecheap,,,03/09/2026 22:50
0f71a8a7-e188-42e3-ba42-33f64a9d0e96,windy.fyi,premium,17.7,17.7,high,low,5,namesilo,,,22/09/2026 22:44
1e897a00-eef2-4108-a272-144887268a50,biologically.fyi,available,17.99,17.99,medium,low,12,namesilo,,,01/10/2026 14:07
eca7b0c2-b8b7-483e-829b-a0d4da148a2d,dispose.fyi,available,5.38,5.38,high,low,7,spaceship,,,29/09/2026 15:24
4da3b923-4e2c-45bd-b850-275a7fae619a,welkin.fyi,available,6.98,9.68,medium,low,6,namecheap,,,16/08/2026 21:01
e84310f6-e2c2-42fe-ba81-c055701febc4,pimply.fyi,available,6.98,9.68,medium,low,6,namecheap,,,
7e398718-eec5-48fe-b0d5-c9f83c4019f5,pyramid.fyi,premium,18.75,,high,low,7,name.com,,,
42ac1873-cff4-4c60-bb50-b12eee613201,pragmatic.fyi,premium,17.7,17.7,high,low,9,namesilo,,,21/08/2026 00:30
e067ae6e-7611-4aa0-a979-e15d72b7c5c9,cynthia.fyi,premium,17.7,17.7,high,low,7,namesilo,,,20/09/2026 10:13
de364fd0-fbd0-48ae-a57c-ea67b3e9bb2b,vagile.fyi,available,6.98,9.68,low,low,6,namecheap,,,13/09/2026 00:47
1a927641-7ab9-4366-bf78-5ce3a50cfee8,nahuatl.fyi,available,5.2,5.2,medium,low,7,cloudflare,,,01/10/2026 03:02
2d45e886-2206-482a-98a3-30e44a03b668,caravaggio.fyi,available,17.7,17.7,high,low,10,namesilo,,,02/10/2026 04:16
3b3022ee-a3b9-4b55-bbdd-1a64a18b5ec6,cleaning.fyi,premium,78.54,78.54,high,low,8,namesilo,,,12/08/2026 10:25
70e7c311-e45e-4da0-8826-36fa1b1f19e1,magnified.fyi,available,6.98,9.68,high,low,9,namecheap,,,24/08/2026 13:08
87ebba46-6ba8-4bd7-8184-84ed549d253f,clashing.fyi,available,6.98,9.68,medium,low,8,namecheap,,,12/08/2026 09:40
31834910-3b51-4ea6-910a-b80794a9ee5b,european.fyi,premium,17.7,17.7,high,low,8,namesilo,,,24/09/2026 15:26
49f35a4e-387d-44fd-9198-e6eb4a2d37ab,royalty.fyi,premium,16.5,16.5,high,low,7,dynadot,,,28/09/2026 06:43
156b8435-6808-4b4b-8f79-a538342fa816,solemn.fyi,available,6.98,9.68,high,low,6,namecheap,,,14/08/2026 22:33
6ba828e7-c596-483a-9ca0-568a1d779571,microscope.fyi,premium,15.73,15.73,high,low,10,spaceship,,,28/09/2026 19:53
c0a2d71d-59db-45fa-b2e2-fbc175ccce08,pathologist.fyi,available,6.98,9.68,high,low,11,namecheap,,,30/09/2026 19:46
b826baef-ec3b-466e-bd0a-8a78d0292779,misused.fyi,available,6.98,9.68,medium,low,7,namecheap,,,25/08/2026 01:56
dadd78ab-4092-4c8e-8718-a14e45ea4a1b,femoral.fyi,available,6.98,9.68,medium,low,7,namecheap,,,18/08/2026 01:05
77197420-5e63-4e84-b0ea-184b8776518e,jobless.fyi,premium,17.7,17.7,medium,low,7,namesilo,,,22/08/2026 13:32
97e34eca-5b23-468d-94ef-83c45032c29c,rockville.fyi,premium,,,medium,low,9,,,,28/09/2026 16:09
5aa658cf-cb79-4896-8f79-ddb27a589252,intolerant.fyi,available,6.98,9.68,medium,low,10,namecheap,,,21/08/2026 20:02
52728d7b-bb9c-4462-97aa-49b3ff19c781,forsyth.fyi,premium,15.73,15.73,high,low,7,spaceship,,,27/09/2026 21:08
b031709f-fbc1-4b46-8026-36a28a221bbd,attendance.fyi,premium,17.7,17.7,high,low,10,namesilo,,,21/09/2026 01:23
a0d24b12-f156-406d-a275-062ddbe98350,atherton.fyi,premium,15.73,15.73,medium,low,8,spaceship,,,28/09/2026 09:10
78675200-c601-4ff4-9b15-cba9b7b49464,balletic.fyi,available,6.98,9.68,medium,low,8,namecheap,,,08/08/2026 10:26
2e02454d-33a4-4587-a480-a1f1f0580c8e,chary.fyi,available,6.98,9.68,medium,low,5,namecheap,,,12/08/2026 02:59
e277ef2f-8851-4d27-9bcf-9343dfb2da03,rocklike.fyi,available,6.98,9.68,medium,low,8,namecheap,,,20/08/2026 18:00
6db6b207-8b14-4601-9e9c-870936af9234,pointless.fyi,premium,17.7,17.7,medium,low,9,namesilo,,,26/09/2026 03:12
719bd557-08c3-4e22-8b54-bd7705f4525c,tuberculosis.fyi,available,5.38,5.38,medium,low,12,spaceship,,,30/09/2026 14:20
5cd4fef4-61ac-47fd-b47d-75c8577775af,commodious.fyi,available,6.98,9.68,medium,low,10,namecheap,,,12/08/2026 19:10
6c282a23-f41e-4e62-b540-bfb3e04d7cff,fumbling.fyi,available,6.98,9.68,medium,low,8,namecheap,,,11/08/2026 10:05
72dc1de3-43a8-4fd4-959b-805215f8274e,jenks.fyi,premium,15.5,,medium,low,5,unstoppable,,,30/09/2026 13:40
a1dd3468-dc38-4ea0-b39c-5d105320a677,adroit.fyi,premium,19.5,19.5,high,low,6,namecheap,,,21/09/2026 19:49
d16536d6-ce77-4cbe-9a5d-0ae34ae7c004,palatine.fyi,premium,17.7,17.7,medium,low,8,namesilo,,,04/09/2026 23:20
32245ef5-e411-48ce-96b5-2e52cf6311de,bates.fyi,premium,,,medium,low,5,,,,28/09/2026 12:13
8a03265d-c89b-4f79-83c1-832a24db68cd,inaudible.fyi,available,6.98,9.68,medium,low,9,namecheap,,,22/08/2026 00:33
e691cc59-0b34-4d3c-a3f9-8c966bc87fb4,parisian.fyi,available,6.98,9.68,high,low,8,namecheap,,,08/09/2026 01:34
aa33f6ee-ec23-4a9e-8781-dc2c72cdf930,subtitles.fyi,available,5.66,5.66,medium,low,9,porkbun,,,28/09/2026 18:07
693ad522-c989-4145-b9b9-81ebb9914b42,rashes.fyi,available,17.99,17.99,low,low,6,namesilo,,,19/09/2026 21:50
14262941-7bfd-4756-b8f2-eca993a28a0d,reasonably.fyi,available,17.99,17.99,medium,low,10,namesilo,,,25/09/2026 11:58
1d02c8cc-d07a-4fcc-bae8-693a04655c64,intrastate.fyi,available,6.98,9.68,medium,low,10,namecheap,,,22/08/2026 08:45
c805e19b-3da9-4610-9fef-3143c8bf70a4,sikorsky.fyi,available,5.38,5.38,high,low,8,spaceship,,,30/09/2026 17:41
259890fa-10eb-49d1-b2fb-e705594d4dfa,fries.fyi,resell,,,high,low,5,"GoDaddy.com, LLC",11/03/2017 19:12,11/03/2027 19:12,26/09/2026 06:15
62b8e46f-d715-46b9-8dc2-b93510faa493,causes.fyi,premium,17.7,17.7,medium,low,6,namesilo,,,27/09/2026 09:34
9bdf3fc0-c2db-4e49-a48b-bdc8a2344131,genitals.fyi,available,6.98,9.68,high,low,8,namecheap,,,01/10/2026 19:44
68b629f3-c50f-4a6c-9ebd-6a7d0b7a7585,velasquez.fyi,premium,15.73,15.73,high,low,9,spaceship,,,01/10/2026 11:23
25ffd0a5-ed5c-45ea-96c3-bbf3658f8eed,draught.fyi,available,5.38,5.38,high,low,7,spaceship,,,02/10/2026 04:06
f8007e5b-2367-4f18-8245-ff0b05014531,tillable.fyi,available,6.98,9.68,medium,low,8,namecheap,,,06/08/2026 11:25
ca17e81a-2640-45a3-b1d2-bc2a3a6e8810,scientists.fyi,available,17.99,17.99,high,low,10,namesilo,,,27/09/2026 11:19
0ae88294-cc17-4536-a7ae-36fb11312d75,degradation.fyi,available,5.38,5.38,medium,low,11,spaceship,,,01/10/2026 12:58
f992a918-9a0d-486a-8aa7-aa2d26852802,rubbish.fyi,premium,15.5,,medium,low,7,unstoppable,,,28/09/2026 09:24
39ed07b5-9e9c-4abe-be4d-c77f356fd5e4,varies.fyi,available,5.66,5.66,medium,low,6,porkbun,,,01/10/2026 14:19
16a50fab-4cb2-4681-b9a7-cb834037465f,unhinge.fyi,available,17.99,17.99,medium,low,7,namesilo,,,24/09/2026 22:50
d0084293-408d-4552-8aca-3866f7fdf9b6,accuracy.fyi,premium,17.7,17.7,high,low,8,namesilo,,,16/09/2026 23:21
cc866f83-87c1-443e-b662-5f506d8521af,autolytic.fyi,available,6.98,9.68,medium,low,9,namecheap,,,07/08/2026 20:42
14af59b4-26c1-465e-9507-85a0f0f83c88,potion.fyi,premium,19.5,19.5,high,low,6,namecheap,,,29/09/2026 20:02
77cb4cbc-9f20-4464-ba90-e075465aeef7,suit.fyi,premium,19.5,19.5,high,low,4,namecheap,,,24/09/2026 18:58
b3bf68d6-aa23-4604-af8b-5b793b765aa8,authorship.fyi,available,17.99,17.99,high,low,10,namesilo,,,21/09/2026 05:26
02fe9362-1f43-47c3-b1a0-8f9f543f1f35,congrats.fyi,premium,17.7,17.7,high,low,8,namesilo,,,01/10/2026 09:14
46ee49aa-23fb-42ee-a2e9-66828feff3b5,barbacan.fyi,available,9.99,9.99,medium,low,8,name.com,,,22/09/2026 04:19
267f7882-75d1-46e3-8105-2bc3e6b789c2,timorese.fyi,available,6.98,9.68,medium,low,8,namecheap,,,11/09/2026 16:04
329b0bd8-78a0-4861-8ca0-5627c7645ab9,scholarship.fyi,premium,15.73,15.73,high,low,11,spaceship,,,30/09/2026 07:54
f74818a7-d100-42c0-ade2-d3b6a0c5f94a,depicting.fyi,available,5.38,5.38,high,low,9,spaceship,,,02/10/2026 04:34
b1778215-7767-4b42-bae9-f7e12e11f358,inactive.fyi,available,6.98,9.68,medium,low,8,namecheap,,,22/08/2026 00:11
3d546208-042c-4039-b8c2-f0c73dd50f7e,topless.fyi,premium,18.75,18.75,medium,low,7,name.com,,,08/08/2026 18:33
43a01cd0-8163-4845-a6a6-d261432921fe,kemp.fyi,premium,15.73,15.73,medium,low,4,spaceship,,,29/09/2026 02:56
22692fbe-a49a-4021-b07a-e93c61366250,epitope.fyi,available,6.98,9.68,medium,low,7,namecheap,,,19/09/2026 14:25
c57bb253-929c-45eb-a047-e8cbfa17df2c,annotated.fyi,available,5.57,5.57,high,low,9,dynadot,,,02/10/2026 01:13
4bb93e66-f992-41fe-9ced-8f8d1684a3c5,meshes.fyi,available,5.38,5.38,low,low,6,spaceship,,,01/10/2026 18:22
a885b1be-0df2-4e00-b167-af2394815684,aurous.fyi,available,6.98,9.68,medium,low,6,namecheap,,,07/08/2026 17:31
d7e69822-c7a0-4ce7-966f-d36083522dd9,expedient.fyi,available,6.98,9.68,high,low,9,namecheap,,,17/08/2026 18:06
834a5cf2-baac-44c6-b469-206f00438ea3,truthful.fyi,available,6.98,9.68,high,low,8,namecheap,,,11/09/2026 20:51
57aff18f-68ce-4e65-a1f2-9f276842c041,albanian.fyi,premium,17.7,17.7,high,low,8,namesilo,,,
012cc824-4ed5-4a50-9ea7-a179cba6f7b7,candied.fyi,available,6.98,9.68,medium,low,7,namecheap,,,11/08/2026 16:48
67bafb3c-0f9c-42ad-9ad5-49480737396c,gaon.fyi,premium,,,high,low,4,,,,30/09/2026 19:42
9ebfc829-9bfe-41a6-a908-c81330390f36,brewer.fyi,premium,17.7,17.7,high,low,6,namesilo,,,23/09/2026 01:41
a8f6bf33-614f-457d-8772-c5d64f53415a,razorback.fyi,available,6.98,9.68,medium,low,9,namecheap,,,09/09/2026 10:48
290a0f74-9b0a-4a37-8138-51bd36f5a593,veinal.fyi,available,6.98,9.68,low,low,6,namecheap,,,13/09/2026 01:51
6390aa1c-acba-4563-9bdf-b5fd0ffc68bb,airbrake.fyi,available,17.99,17.99,medium,low,8,namesilo,,,17/09/2026 22:58
f503e877-b2e6-464f-b702-ff2b1697c5c5,scourge.fyi,available,6.98,9.68,medium,low,7,namecheap,,,18/08/2026 06:16
aa1882e2-fd05-4f1b-945b-9925914838e4,ancona.fyi,premium,15.73,15.73,high,low,6,spaceship,,,30/09/2026 03:22
e28c8acf-a1f3-4169-93af-f5438ea6aa93,archers.fyi,available,17.7,17.7,medium,low,7,namesilo,,,01/10/2026 15:28
54538f6c-50fb-448f-a24b-b1a878caa3df,quieter.fyi,available,5.38,5.38,high,low,7,spaceship,,,01/10/2026 19:41
bafba9d6-4154-4d17-a4aa-d9b22b7e05c3,practicing.fyi,available,7.5,,high,low,10,unstoppable,,,01/10/2026 23:50
3606f6bb-9979-4cd0-ae6a-822e91a16177,demeanor.fyi,available,17.99,17.99,high,low,8,namesilo,,,24/09/2026 21:47
74121ea0-fb95-426a-bc0b-34d13020abc5,unafraid.fyi,available,6.98,9.68,high,low,8,namecheap,,,10/09/2026 01:28
b57aa49f-52dc-4a9c-a6d8-b21cac4db826,bothersome.fyi,available,6.98,9.68,medium,low,10,namecheap,,,
d6e2857a-3865-42da-adbc-cc510f8f9f55,rewardful.fyi,available,6.98,9.68,medium,low,9,namecheap,,,09/09/2026 16:27
1e428998-b099-47c8-9ac3-89f68769b794,membered.fyi,available,6.98,9.68,medium,low,8,namecheap,,,24/08/2026 19:49
d971ab63-58be-4e3d-b8ea-7e5c0f8900e6,maltese.fyi,premium,17.7,17.7,high,low,7,namesilo,,,24/08/2026 14:15
b1f74f79-ce69-4010-890d-3325e670d870,retinal.fyi,available,6.98,9.68,high,low,7,namecheap,,,09/09/2026 15:37
0594c916-82b8-4360-a36e-13dbc8d4f8d1,admitted.fyi,premium,8.47,16.9,medium,low,8,porkbun,,,27/09/2026 22:14
2d6ee5d6-04d0-434c-b986-e4b4e05b884f,amphibia.fyi,available,17.99,17.99,high,low,8,namesilo,,,18/09/2026 23:11
4096069b-fd61-43e8-b017-b23b3ae4cf1c,surly.fyi,available,6.98,9.68,medium,low,5,namecheap,,,11/09/2026 04:06
3c47144f-70b1-42d6-a814-5c0908c0f501,backslider.fyi,available,17.99,17.99,medium,low,10,namesilo,,,21/09/2026 15:58
049ef199-7c0a-45fe-9db5-5fa43fbf162e,thalassic.fyi,available,6.98,9.68,medium,low,9,namecheap,,,11/09/2026 12:22
55e24d8b-0345-4bf8-a7ce-d9e0efab1f62,natal.fyi,premium,17.7,17.7,medium,low,5,namesilo,,,03/09/2026 13:37
b81623f8-2624-49aa-858c-89bf8d051b8e,amati.fyi,available,17.99,17.99,medium,low,5,namesilo,,,18/09/2026 16:09
c33fe6af-e795-4212-a959-131a561a14a4,barytes.fyi,available,17.99,17.99,medium,low,7,namesilo,,,22/09/2026 06:13
76003ed7-21b8-4548-b77f-4053107c4c7f,parting.fyi,available,17.99,17.99,high,low,7,namesilo,,,29/09/2026 13:17
e47452a4-16ae-46b1-9fd5-43026f0d4f1d,forcing.fyi,available,17.99,17.99,medium,low,7,namesilo,,,28/09/2026 12:56
f52bb1aa-0399-4d7f-9df3-db234c86e580,pert.fyi,available,6.98,9.68,medium,low,4,namecheap,,,21/08/2026 22:15
d89f6e11-997d-49cc-9524-01b48f4fa86f,barkley.fyi,premium,19.5,19.5,high,low,7,namecheap,,,18/09/2026 02:32
c0589973-b8ba-410f-8275-065b6181285a,remover.fyi,available,17.99,17.99,high,low,7,namesilo,,,30/09/2026 09:47
927e2236-f4aa-4b8d-a727-c203a9c1a850,eolotropic.fyi,available,6.98,9.68,medium,low,10,namecheap,,,
33330668-a53c-42dd-8ea1-3dfb9d21f384,significantly.fyi,premium,17.7,17.7,medium,low,13,namesilo,,,01/10/2026 05:34
d0002564-48a8-48f5-b684-7eb797f3c297,sliding.fyi,premium,16.5,16.5,high,low,7,dynadot,,,27/09/2026 22:47
6b71de8c-9476-4650-85c9-2c6dcb9ad3c3,doodlebug.fyi,available,17.99,17.99,medium,low,9,namesilo,,,19/09/2026 12:18
46916c06-e256-4924-8f22-968ae70332ac,usher.fyi,premium,8.47,16.9,high,low,5,porkbun,,,29/09/2026 00:41
f741cac9-82eb-4c49-9be7-a52be0843d28,frick.fyi,available,17.7,17.7,medium,low,5,namesilo,,,29/09/2026 01:01
57cd19b9-6bdb-4de8-9422-b62564547ae2,paxton.fyi,available,17.7,17.7,medium,low,6,namesilo,,,28/09/2026 14:39
34c0c8f7-6a96-4805-b8dd-5ff01e548148,keyed.fyi,available,6.98,9.68,medium,low,5,namecheap,,,22/08/2026 15:42
bbe633fb-0f31-41c7-853b-5443d09cecf3,marriage.fyi,premium,15.5,17.7,high,low,8,unstoppable,,,30/09/2026 03:47
f2eece03-0199-489f-aa16-56ca708359a9,coastline.fyi,available,17.7,17.7,high,low,9,namesilo,,,30/09/2026 09:12
6bc1b888-b30d-4aa0-9f89-7600cf268cc5,predator.fyi,available,17.7,17.7,medium,low,8,namesilo,,,28/09/2026 14:50
29a16557-8eeb-44ab-a650-792d7f3fc991,former.fyi,premium,19.5,19.5,high,low,6,namecheap,,,24/09/2026 21:24
357d4301-9010-419c-886a-abfabab7ddd5,nagano.fyi,premium,,,medium,low,6,,,,30/09/2026 18:06
b251b5d4-7e11-482c-8e0e-30aa05c74e2f,axseed.fyi,available,17.99,17.99,medium,low,6,namesilo,,,21/09/2026 10:31
fcaffb1b-93b0-4612-a185-01e1d22f18d0,semantic.fyi,premium,17.7,17.7,high,low,8,namesilo,,,10/09/2026 02:16
86481710-6f7a-46f3-9c76-4f55fb979024,genevieve.fyi,premium,19.5,19.5,medium,low,9,namecheap,,,28/09/2026 16:45
2276624d-1c8d-48fd-97a5-c38b659ca965,verbs.fyi,available,9.68,,medium,low,5,namecheap,,,
3a52c928-2097-4af9-8c98-507480e32d1d,tannic.fyi,available,6.98,9.68,medium,low,6,namecheap,,,11/09/2026 08:01
57a21100-6155-4a48-a02d-9fb38aefd694,inpatient.fyi,available,6.98,9.68,medium,low,10,namecheap,,,20/09/2026 21:46
93662c69-6502-4eba-9127-a3ecb7c2d46b,covering.fyi,available,5.38,5.38,high,low,8,spaceship,,,29/09/2026 11:54
f7f8ff58-7f53-4706-981d-934ffe78e56a,ardea.fyi,premium,17.7,17.7,medium,low,5,namesilo,,,20/09/2026 03:04
3adbdd79-ec77-4a83-b39a-b13bff222ab2,fontainebleau.fyi,available,17.7,17.7,medium,low,13,namesilo,,,30/09/2026 13:48
206f22ee-3588-4ae0-8bd7-d5b40ae9edbb,kda.fyi,available,17.7,17.7,medium,low,3,namesilo,,,29/09/2026 17:27
ebd13143-0678-4843-8fed-8c2ef1003271,maguey.fyi,available,6.98,9.68,medium,low,6,namecheap,,,17/09/2026 16:37
3b966061-897f-4bd7-afec-6753caac64ab,charily.fyi,available,6.98,9.68,medium,low,7,namecheap,,,14/09/2026 06:17
df8b6146-4301-4296-abf5-a6c477dc9c99,ginger.fyi,resell,,,high,low,6,"GoDaddy.com, LLC",17/07/2025 11:05,17/07/2027 11:05,26/09/2026 06:23
952d8315-3ccc-45f4-b038-1e91d843aa7f,rabies.fyi,available,5.2,5.2,medium,low,6,cloudflare,,,29/09/2026 19:34
17f714eb-bad9-474e-9cc7-26a63fd78dc3,mildred.fyi,available,17.7,17.7,medium,low,7,namesilo,,,28/09/2026 12:04
15360165-12b3-46e8-a4e3-0186669b4c49,contamination.fyi,available,5.38,5.38,medium,low,13,spaceship,,,29/09/2026 22:52
3258abbd-11ac-41e4-9517-2860a8861c06,hannibal.fyi,premium,17.7,17.7,high,low,8,namesilo,,,27/09/2026 04:24
32270e98-38a6-4435-9999-12aabc6f1afa,staring.fyi,available,17.99,17.99,medium,low,7,namesilo,,,21/09/2026 22:19
5cba653d-f0aa-4583-bf04-4a4c1a99119f,murder.fyi,premium,17.7,17.7,medium,low,6,namesilo,,,26/09/2026 00:00
6e10a28a-b98a-42af-b961-96937cedc768,atonic.fyi,available,6.98,9.68,low,low,6,namecheap,,,07/08/2026 13:54
e5aadcc5-74a7-49c0-997e-db0808d15f44,ugly.fyi,resell,,,high,low,4,"GoDaddy.com, LLC",07/03/2023 15:11,07/03/2027 15:11,26/09/2026 09:50
5bf5a3f3-c497-4cd4-b2e8-3f32b7903259,chancy.fyi,premium,17.7,17.7,medium,low,6,namesilo,,,12/08/2026 01:41
c774de0e-81d3-487e-9f80-c025379bafe0,mont.fyi,premium,15.73,15.73,medium,low,4,spaceship,,,30/09/2026 19:51
a945874d-fde1-4bd7-a7e6-bcfe75e3cd34,bierce.fyi,available,9.99,9.99,medium,low,6,name.com,,,18/09/2026 17:23
06d44c22-29d9-43e0-8938-94ec6674dd61,authorize.fyi,premium,15.5,,high,low,9,unstoppable,,,29/09/2026 20:39
7091ac67-ba06-48fc-b5a8-42a3968ed0c3,cdp.fyi,premium,19.5,19.5,high,low,3,namecheap,,,28/09/2026 03:37
ea250221-53ce-462f-a7d3-140582e671c0,discussions.fyi,available,17.99,17.99,medium,low,11,namesilo,,,29/09/2026 16:36
4a152b7f-85ed-401a-a339-9e5398392fe2,trainers.fyi,available,17.7,17.7,medium,low,8,namesilo,,,02/10/2026 02:12
5b87c31c-0f56-481d-a72d-0f69395f3a3d,alembic.fyi,available,17.99,17.99,medium,low,7,namesilo,,,18/09/2026 05:10
9a4c55b1-6f5d-4735-a47f-d9e3f9551f65,blackmailing.fyi,available,7.5,,medium,low,12,unstoppable,,,01/10/2026 23:58
49f3fc3f-2450-433a-9c7d-efe202294003,guileless.fyi,available,6.98,9.68,high,low,9,namecheap,,,20/08/2026 20:48
0544c590-2af2-4146-a4fe-9a64d7254ef9,supplementary.fyi,available,5.38,5.38,medium,low,13,spaceship,,,30/09/2026 19:39
a42b97c8-c5ec-4487-8b76-a64392beddd7,barbarian.fyi,premium,17.7,17.7,medium,low,9,namesilo,,,08/08/2026 15:26
b1bb1ad7-8acd-4658-a6f0-e0aa68838458,gloam.fyi,available,6.98,9.68,medium,low,5,namecheap,,,11/09/2026 21:43
17776b2f-2fee-4759-b645-b2844cd3ed2e,assert.fyi,available,5.38,5.38,high,low,6,spaceship,,,29/09/2026 14:01
93fb64c9-1eca-46a7-9e87-77bf36b9af0d,proved.fyi,available,17.99,17.99,high,low,6,namesilo,,,27/09/2026 07:48
639f733b-97cd-436f-aa3a-384b9ef2d761,improperly.fyi,available,6.98,9.68,medium,low,10,namecheap,,,15/09/2026 04:32
1c7fc5ef-7673-4b85-b2a9-e99229178681,concurrent.fyi,available,6.98,9.68,high,low,10,namecheap,,,12/08/2026 13:22
dcb51020-0f5b-4fec-ba79-09f7a85629f8,searing.fyi,available,6.98,9.68,medium,low,7,namecheap,,,10/09/2026 00:54
797b18fb-2988-4930-afcb-7e6f61d37b43,construct.fyi,resell,,,high,low,9,"GoDaddy.com, LLC",29/08/2025 12:08,29/08/2027 12:08,26/09/2026 05:12
55f91c36-d25b-4ed7-addd-456eb28ca4f8,confirming.fyi,available,17.99,17.99,high,low,10,namesilo,,,23/09/2026 19:45
70c957fb-2d4d-4981-b686-704463c5dcd5,wysiwyg.fyi,premium,17.7,17.7,high,low,7,namesilo,,,13/09/2026 13:51
9d67c722-833b-4b22-857c-90f219dfb5d5,advent.fyi,premium,17.7,17.7,high,low,6,namesilo,,,17/09/2026 10:31
48de00a0-453d-4afe-8af7-b3f6978720f0,cooled.fyi,available,17.99,17.99,medium,low,6,namesilo,,,30/09/2026 06:31
19581032-1d06-43ee-a2ed-d76c8220fdc7,clinched.fyi,available,6.98,9.68,medium,low,8,namecheap,,,12/08/2026 10:46
2afa5d48-848b-4681-be63-83379b78fbd5,vernacular.fyi,available,6.98,9.68,high,low,10,namecheap,,,13/09/2026 04:07
bae0dbf1-fdc8-44a2-ae61-6dc74526ef63,cloistered.fyi,available,6.98,9.68,medium,low,10,namecheap,,,12/08/2026 11:48
7cfae1e9-a909-4b1c-bb92-0f572c63d05b,pontiff.fyi,available,6.98,9.68,medium,low,7,namecheap,,,23/09/2026 21:52
0c8b8122-5943-4e39-bb8d-7b316dd774d1,shaggy.fyi,available,6.98,9.68,medium,low,6,namecheap,,,11/08/2026 11:17
8c8217ca-16b1-4cdd-8b93-97bd420fcdec,simultaneous.fyi,available,7.5,,medium,low,12,unstoppable,,,30/09/2026 06:08
b2275a53-c8e0-45c1-bfdc-7c7aa7c4a9ff,conn.fyi,premium,15.73,15.73,high,low,4,spaceship,,,29/09/2026 14:12
52f877ad-d1c1-4e1d-a0bc-b60faeacd423,truncheon.fyi,available,17.99,17.99,medium,low,9,namesilo,,,23/09/2026 16:38
ebfd4385-42e8-45c4-b241-8711d3d53e6a,ascus.fyi,available,17.99,17.99,medium,low,5,namesilo,,,20/09/2026 13:28
5a33c5fc-8eb7-4256-85d0-03fc4354afd1,renegade.fyi,premium,17.7,17.7,high,low,8,namesilo,,,06/08/2026 03:45
15b5501b-8b33-43a9-a438-4afce3cd31dd,beeline.fyi,resell,,,high,low,7,"GoDaddy.com, LLC",29/03/2023 08:24,29/03/2027 08:24,26/09/2026 04:20
518c715a-702b-4d02-a364-ab4830ff6b9a,resentful.fyi,available,6.98,9.68,medium,low,9,namecheap,,,09/09/2026 14:48
6f99c397-2047-448d-a2d2-25f135093b56,mustard.fyi,premium,15.73,15.73,high,low,7,spaceship,,,28/09/2026 06:28
ee42cf50-b06d-4d78-ad3a-94a163a031c1,adoptive.fyi,available,6.98,9.68,high,low,8,namecheap,,,
e447b49d-875f-417c-ae1c-4479c55c7be0,earnestly.fyi,available,6.98,9.68,medium,low,9,namecheap,,,14/09/2026 14:58
6de53c5c-5bdb-47a0-81ad-06ce2ebc88eb,organism.fyi,available,5.2,5.2,high,low,8,cloudflare,,,28/09/2026 15:00
2bd3c1c7-1a48-4242-b5c8-0315f0860b2d,gathered.fyi,available,6.98,9.68,high,low,8,namecheap,,,12/08/2026 17:02
3d174656-3cbd-4e7d-933a-0e251930a42c,burmese.fyi,available,6.98,9.68,high,low,7,namecheap,,,11/08/2026 10:42
8a227586-a5c2-49d1-b757-5179d67b58a0,chandra.fyi,premium,15.73,15.73,medium,low,7,spaceship,,,28/09/2026 08:00
5bbf9ce2-7519-444f-b2f1-75e31019ce79,vending.fyi,available,17.7,17.7,high,low,7,namesilo,,,29/09/2026 07:51
517ed078-4c3e-4aa2-97ca-b8310e10e273,stilt.fyi,available,17.99,17.99,medium,low,5,namesilo,,,21/09/2026 04:51
d0b1d6a8-dfc0-4a69-8f1c-ab56096129fa,dextral.fyi,available,6.98,9.68,medium,low,7,namecheap,,,14/08/2026 05:28
a3718b6c-e7d8-4e44-83d8-1557db5c7d34,generosity.fyi,premium,15.73,15.73,high,low,10,spaceship,,,29/09/2026 01:04
ca2a3d7e-61fd-4ebd-a155-1b20532275d8,irate.fyi,premium,17.7,17.7,medium,low,5,namesilo,,,22/08/2026 09:44
f8fcee56-9e99-4a4e-8a0c-bcffbbc2a5a6,walden.fyi,premium,17.7,17.7,high,low,6,namesilo,,,27/09/2026 08:12
2e248b83-cd92-43bf-9ac6-fb05181d3c09,whitman.fyi,premium,15.73,15.73,medium,low,7,spaceship,,,29/09/2026 13:23
6f1ac422-0fcc-4ba6-a26f-8cd7fcf6dc65,leaping.fyi,premium,19.5,19.5,high,low,7,namecheap,,,30/09/2026 17:53
cfb18114-4303-44f8-a3e6-945a29ed9d23,compromised.fyi,available,5.38,5.38,low,low,11,spaceship,,,28/09/2026 13:03
bf6f3bef-59d6-4f05-9cce-cc68bcb1c0b3,newsgroup.fyi,premium,16.5,16.5,medium,low,9,dynadot,,,01/10/2026 22:38
8e6e0bfb-bcc2-4a06-ae73-4b72305c1484,anaemia.fyi,available,5.57,5.57,medium,low,7,dynadot,,,28/09/2026 21:05
f21b167f-b1e3-4c69-b675-3fb6d5bf357e,eponymous.fyi,available,6.98,9.68,medium,low,9,namecheap,,,17/08/2026 11:29
41ab50ea-d1be-4e90-b026-12841cc20ae1,ablative.fyi,available,6.98,9.68,medium,low,8,namecheap,,,
2484d307-e6df-4672-a696-0c52f80c99e0,backwash.fyi,available,17.99,17.99,medium,low,8,namesilo,,,17/09/2026 15:44
d1792379-8703-47a7-9164-7b25244c73bf,colorado.fyi,premium,17.7,17.7,high,low,8,namesilo,,,24/09/2026 13:30
6c0120cd-50db-43d3-a869-8c2f1cbd3ac3,replacing.fyi,available,5.66,5.66,medium,low,9,porkbun,,,29/09/2026 02:02
36f7c719-99ce-46b3-8ff8-b9ad2481c6a6,advection.fyi,available,17.99,17.99,medium,low,9,namesilo,,,17/09/2026 10:31
deb4e4ff-f6d7-4b79-ac18-58cb6c8e9d1b,leek.fyi,premium,17.7,17.7,medium,low,4,namesilo,,,18/09/2026 11:25
5b915487-a7e5-4bb3-a058-d3a3ed316187,gandhi.fyi,premium,15.73,15.73,high,low,6,spaceship,,,29/09/2026 20:38
73b85676-dc4a-4c23-8811-1cad48631c7c,decorating.fyi,premium,15.5,,high,low,10,unstoppable,,,30/09/2026 04:09
2e2a00f1-cd11-4e2e-ae1f-eb8aecbfb2e1,detain.fyi,available,6.98,9.68,high,low,6,namecheap,,,24/09/2026 21:28
0b0d70a6-1283-480c-95b9-900ccf45effc,hyper.fyi,resell,,,high,medium,5,,,,01/10/2026 22:32
e0e87fcc-ef95-4db3-8757-fd0d92b4c9cc,fledgeling.fyi,available,6.98,9.68,high,low,10,namecheap,,,18/08/2026 07:32
0685b33c-85b4-4cb0-b391-889470094959,psychiatrists.fyi,available,5.38,5.38,medium,low,13,spaceship,,,01/10/2026 00:58
5e41a190-2370-407e-83b3-e182b58699a7,pascual.fyi,premium,15.5,,medium,low,7,unstoppable,,,02/10/2026 02:24
f838b322-fa5d-410b-976e-09fccb11542e,endemic.fyi,available,6.98,9.68,high,low,7,namecheap,,,07/08/2026 19:26
3490ca8c-7800-4856-a769-8550d7cb0f9a,viewed.fyi,available,5.38,5.38,high,low,6,spaceship,,,30/09/2026 03:50
eb91036e-a1c4-42ae-8c1d-a930a05f2e6e,store.fyi,resell,,,high,medium,5,Dynadot Inc,05/10/2023 03:00,05/10/2028 03:00,26/09/2026 09:19
af8ba244-44c3-4be7-8085-4f451268d809,alnico.fyi,available,17.99,17.99,medium,low,6,namesilo,,,18/09/2026 12:50
321507cc-c667-4dc6-8151-433c5caf691f,usaid.fyi,available,17.99,17.99,medium,low,5,namesilo,,,28/09/2026 16:09
189b0113-f8c6-4536-8c76-a70018550b40,yeats.fyi,available,5.38,5.38,medium,low,5,spaceship,,,28/09/2026 15:32
916c86e6-862f-45d8-9511-6b4aef4c694d,angas.fyi,premium,17.7,17.7,medium,low,5,namesilo,,,19/09/2026 05:46
0c93c1ef-1c84-425d-8593-10b9cf6278ce,polypropylene.fyi,available,5.2,5.2,medium,low,13,cloudflare,,,30/09/2026 23:16
1d710f52-e48c-4d7f-9213-4e3a1cb3f706,subclass.fyi,available,5.38,5.38,medium,low,8,spaceship,,,30/09/2026 11:06
b938fdf8-0f0f-41bd-af12-050d22ff8149,bankbook.fyi,available,6.98,9.68,medium,low,8,namecheap,,,22/09/2026 02:44
4e67fc7e-6e6d-4b37-bd59-9ecd49811e9a,baptized.fyi,available,6.98,9.68,high,low,8,namecheap,,,08/08/2026 14:55
cc3808d1-d2bc-4032-ac41-6706ce163c50,norte.fyi,available,6.98,9.68,high,low,5,namecheap,,,27/09/2026 07:02
119c723f-b40e-4315-a0b9-e82ced3f3170,conspiracy.fyi,resell,17.7,17.7,high,low,10,namesilo,,,29/09/2026 11:13
e9fcbda7-2285-4a31-9bae-af9e9857d871,blindfold.fyi,available,6.98,9.68,high,low,9,namecheap,,,10/08/2026 14:26
fadeee57-967b-46aa-988b-9e28fa4827ba,aquinas.fyi,available,17.99,17.99,medium,low,7,namesilo,,,19/09/2026 23:16
6bd15e03-f1e4-42eb-aa27-d63b5d4db2c3,sens.fyi,premium,,,high,low,4,,,,01/10/2026 01:48
f92f07c7-51f5-4849-8c00-96bcf3eb88c1,fulfil.fyi,available,7.5,,high,low,6,unstoppable,,,01/10/2026 22:07
e38735ce-a4e3-40b2-89d7-ab9b128a0088,prefect.fyi,premium,16.5,16.5,high,low,7,dynadot,,,02/10/2026 06:08
1b6c4ff4-2a50-4b0e-ab72-843faa2f710c,breathless.fyi,available,6.98,9.68,medium,low,10,namecheap,,,11/08/2026 03:23
53194f6f-9a91-425d-aaa2-17a2b2de0fbc,historical.fyi,premium,17.7,17.7,high,low,10,namesilo,,,24/09/2026 10:25
48b75912-ffb4-4f5b-9a60-0ec2de170b0c,jig.fyi,premium,16.5,16.5,high,low,3,dynadot,,,01/10/2026 19:47
f888db35-9685-4937-b543-52e7f0471511,betoken.fyi,available,17.99,17.99,medium,low,7,namesilo,,,21/09/2026 03:31
ff17b6ee-677c-46ba-8a36-214954626f1c,meshed.fyi,available,6.98,9.68,medium,low,6,namecheap,,,24/08/2026 20:57
b884a6ea-5472-4dad-abc4-dd98537c6980,rid.fyi,premium,16.5,16.5,high,low,3,dynadot,,,30/09/2026 18:36
b08ff2ba-2018-4cfa-a815-714aa91a9320,harmonical.fyi,available,6.98,9.68,medium,low,10,namecheap,,,12/08/2026 22:48
e3249111-fa16-41a9-b449-9f7eb960f5fe,jussieu.fyi,available,6.98,9.68,medium,low,7,namecheap,,,19/09/2026 15:24
73757b05-8f3e-43e6-80fd-3dd719e3f6bd,theresa.fyi,premium,17.7,17.7,high,low,7,namesilo,,,17/09/2026 18:43
cbff144b-312e-4de7-a1ca-d8168bfe3463,targets.fyi,premium,19.5,19.5,medium,low,7,namecheap,,,18/09/2026 15:18
d230d746-d3ab-4261-88cf-ea73f7950195,anemic.fyi,available,6.98,9.68,medium,low,6,namecheap,,,
c2d3cbc1-74ee-49ad-b5b9-e64e5bb3821a,bollard.fyi,premium,17.7,17.7,medium,low,7,namesilo,,,23/09/2026 22:48
6eb74344-39d7-45ae-a957-6e899ab4d9f7,amputation.fyi,available,17.99,17.99,medium,low,10,namesilo,,,18/09/2026 23:52
aa1a1b9a-a7b9-4d9f-bd22-90f9425ce39f,snake.fyi,premium,15.73,15.73,high,low,5,spaceship,,,30/09/2026 06:09
b748fc14-0f79-4101-a1c7-586686baf01a,egyptian.fyi,premium,18.75,18.75,high,low,8,name.com,,,15/08/2026 19:52
d8fef487-d0bd-4594-85e1-c67c5b54c6a7,assemblage.fyi,premium,17.7,17.7,high,low,10,namesilo,,,17/09/2026 17:28
88513ca4-71fb-4146-8480-d50c119750ed,consist.fyi,available,5.38,5.38,high,low,7,spaceship,,,30/09/2026 17:36
362b1db6-e5dd-4178-b3b2-031acef1439c,hesse.fyi,premium,17.7,17.7,high,low,5,namesilo,,,27/09/2026 04:26
8fbbd836-5ffc-4f75-8ea6-33222da8e390,cradle.fyi,available,17.7,17.7,high,low,6,namesilo,,,29/09/2026 06:28
cd61c3fa-e294-452b-9718-abdba6178d40,mcmaster.fyi,premium,16.5,16.5,high,low,8,dynadot,,,29/09/2026 01:24
c6be4064-24bd-4929-8b2b-a8d0c5c1ccd2,brightly.fyi,premium,17.7,17.7,high,low,8,namesilo,,,11/08/2026 04:04
16afadc4-40c6-4891-bbe1-4adef32189ed,abstruse.fyi,available,6.98,9.68,medium,low,8,namecheap,,,
85deb147-2ce3-445d-b27c-9a944ef9aab1,lento.fyi,available,6.98,9.68,medium,low,5,namecheap,,,22/08/2026 23:53
bc73d46a-21d9-47f0-8e43-180ba798f1fa,beveridge.fyi,premium,17.7,17.7,medium,low,9,namesilo,,,23/09/2026 12:04
2a5ead3c-50ef-408a-a444-8b2dacb71f48,mistreated.fyi,available,6.98,9.68,medium,low,10,namecheap,,,21/08/2026 19:35
843b06bb-f8fb-49f0-b821-c153ee4ababf,rudiments.fyi,available,17.99,17.99,high,low,9,namesilo,,,22/09/2026 10:41
7b68863f-7fad-4197-b5b4-e35db7f79886,bifurcated.fyi,available,6.98,9.68,medium,low,10,namecheap,,,09/08/2026 20:24
221a4700-67e2-4348-8cc4-691ada7f16f5,untapped.fyi,premium,19.5,19.5,medium,low,8,namecheap,,,12/09/2026 21:02
0b679a9e-79af-46dd-8d33-d5beb2c1e0d2,tolerant.fyi,available,6.98,9.68,high,low,8,namecheap,,,22/08/2026 19:55
3c2123b4-ef34-4f52-864e-92385b291331,upa.fyi,available,17.7,17.7,medium,low,3,namesilo,,,01/10/2026 06:47
4ed67275-660f-482d-89d2-2051607ea975,molotov.fyi,available,17.99,17.99,high,low,7,namesilo,,,29/09/2026 13:28
787cd7f3-8b0a-48e6-adb9-4c5e0442d7ff,traits.fyi,available,7.5,,medium,low,6,unstoppable,,,30/09/2026 06:21
0fadceac-ea91-47be-994f-9a7da59ae6d9,yell.fyi,available,17.7,17.7,medium,low,4,namesilo,,,29/09/2026 12:21
60f42195-a42d-490f-9541-24291b272fe3,judith.fyi,premium,15.73,15.73,high,low,6,spaceship,,,28/09/2026 05:18
56918458-53c8-45a5-8c80-5b653d5a9fd0,outlets.fyi,premium,19.5,19.5,medium,low,7,namecheap,,,21/09/2026 06:33
ba69f598-445b-4f05-acd8-239bacbdcacc,cherub.fyi,available,6.98,9.68,high,low,6,namecheap,,,24/09/2026 14:18
c6367e73-0b08-4eeb-accd-c9e5a17baa23,causally.fyi,available,6.98,9.68,medium,low,8,namecheap,,,14/09/2026 06:01
38ad4bbb-102b-489f-bd6e-b3b6ba25c492,severely.fyi,available,5.57,5.57,medium,low,8,dynadot,,,28/09/2026 13:15
10b27bfe-3db8-4f1d-b951-31ddcb0ea6d7,toffy.fyi,available,6.98,9.68,medium,low,5,namecheap,,,11/08/2026 04:55
5b449e7b-b69a-4d26-9ca2-6fd6a2321333,drifting.fyi,available,6.98,9.68,high,low,8,namecheap,,,14/08/2026 19:13
b7b21ebd-b1c0-4729-9aba-3f1801a74f5b,iia.fyi,premium,19.5,19.5,high,low,3,namecheap,,,01/10/2026 07:40
9efd55b2-6c8c-49ec-8bb6-24b33f9b404f,fractious.fyi,available,6.98,9.68,medium,low,9,namecheap,,,18/08/2026 13:53
fd7042ae-c2eb-4bd0-9e09-d4e7822527a9,pitt.fyi,premium,17.7,17.7,high,low,4,namesilo,,,25/09/2026 06:04
3cf7cd61-1673-4c6b-a03d-e7138815f422,hymns.fyi,available,17.99,17.99,medium,low,5,namesilo,,,30/09/2026 15:32
ced09916-e177-4da3-af6c-10180991c27e,disadvantaged.fyi,available,5.38,5.38,medium,low,13,spaceship,,,01/10/2026 06:23
6d786fc6-df07-408a-8da3-20f952d85667,plaintiff.fyi,available,5.38,5.38,high,low,9,spaceship,,,29/09/2026 11:57
6d34836f-fa51-4ce0-b280-45079736eaa1,untidy.fyi,available,6.98,9.68,medium,low,6,namecheap,,,12/09/2026 21:22
fe337b64-54b8-4d63-8743-e979bec6dd78,lxxv.fyi,available,6.98,9.68,medium,low,4,namecheap,,,
105ce4d2-1932-4686-89b5-a23d8fdcb3bf,announcements.fyi,available,17.7,17.7,medium,low,13,namesilo,,,30/09/2026 06:45
1e5a4eba-b73b-46e5-b8de-ef19cc2f9f25,pseudonym.fyi,premium,78.54,78.54,high,low,9,namesilo,,,19/09/2026 11:33
5c0bbe28-d6fb-4900-922e-874d35a81774,admiration.fyi,available,5.38,5.38,high,low,10,spaceship,,,28/09/2026 18:44
2dff3bb5-4d38-4f47-8590-0caea9ff1146,infrasonic.fyi,available,6.98,9.68,medium,low,10,namecheap,,,22/08/2026 04:48
bcac6a9a-70a7-42bb-b8b1-24e4d1e5bfe9,contend.fyi,available,5.2,5.2,high,low,7,cloudflare,,,29/09/2026 11:25
fc2503ab-2080-4959-9ba2-2c7a3806ff3f,continuing.fyi,available,6.98,9.68,high,low,10,namecheap,,,23/09/2026 22:17
05585241-b496-43a7-80e6-dd08a7077fb1,robed.fyi,available,6.98,9.68,medium,low,5,namecheap,,,06/08/2026 05:03
a49cdb14-00ba-4007-8a66-f2aea5d7f4c9,sixties.fyi,available,17.99,17.99,high,low,7,namesilo,,,16/09/2026 12:11
76240739-150e-49ec-9251-2bf769760eb2,documenting.fyi,available,5.2,5.2,medium,low,11,cloudflare,,,02/10/2026 03:07
01e1eac6-638f-4596-aaa9-99b320559a25,tiered.fyi,available,6.98,9.68,medium,low,6,namecheap,,,11/09/2026 15:49
fff986e4-f27d-4893-95b5-9f9838052627,spry.fyi,premium,17.7,17.7,high,low,4,namesilo,,,
36f1e9ea-923a-4c15-bb1a-bb496b1c2e9b,assembled.fyi,premium,15.73,15.73,medium,low,9,spaceship,,,28/09/2026 23:20
e2bda42c-7055-441f-aa9a-6a50bb6d1f33,wishfully.fyi,available,17.99,17.99,medium,low,9,namesilo,,,16/09/2026 11:32
52456511-b3d8-4a99-81aa-bac8046a8a56,greetings.fyi,premium,15.73,15.73,high,low,9,spaceship,,,01/10/2026 18:03
2cf4dc77-e786-4cfd-8d16-1a35207b4109,rotund.fyi,available,6.98,9.68,medium,low,6,namecheap,,,13/08/2026 01:59
48ff8c70-2890-416e-abdb-197f6d84b8a6,chekov.fyi,available,17.99,17.99,medium,low,6,namesilo,,,19/09/2026 15:28
b1a20862-4eef-419b-bb9c-e0cfa1e1bb05,glace.fyi,available,6.98,9.68,medium,low,5,namecheap,,,13/08/2026 09:46
b63254d1-6053-4e6c-b42b-8bf47562fa86,courtroom.fyi,available,5.38,5.38,high,low,9,spaceship,,,29/09/2026 11:50
04a0ff3e-2fe4-4591-8f4f-d2d1105e9bef,gotten.fyi,available,9.68,,medium,low,6,namecheap,,,
78b67144-5fe3-4638-af8b-1784fbfe38b8,aphelion.fyi,premium,17.7,17.7,medium,low,8,namesilo,,,19/09/2026 16:55
7ba73af5-7da7-4f73-87ef-b6cc9602d917,alterations.fyi,available,5.57,5.57,medium,low,11,dynadot,,,30/09/2026 15:39
dbfde6bf-c68b-44ab-8ee7-f38e37a5eba2,angiogram.fyi,available,6.98,9.68,medium,low,9,namecheap,,,19/09/2026 06:13
059232ce-51b6-4461-96de-4428f9042e6a,implanted.fyi,available,6.98,9.68,medium,low,9,namecheap,,,13/08/2026 22:47
712f68c0-046c-4fa8-8431-d5d00117f414,sacrificial.fyi,available,9.68,,medium,low,11,namecheap,,,
702f4bd6-5b9c-4771-b153-33b8398d9bdb,scenic.fyi,premium,17.7,17.7,high,low,6,namesilo,,,09/09/2026 22:58
6a4f29cb-dc7a-401b-bd8d-cefb4277f38f,togged.fyi,available,6.98,9.68,medium,low,6,namecheap,,,11/09/2026 16:44
99f808e6-4d44-43d0-9b1a-1c8a8239b305,gene.fyi,resell,,,high,low,4,"Spaceship, Inc.",27/06/2023 15:15,27/06/2027 15:15,29/09/2026 09:24
f930cd13-2595-4318-abc0-190e0a1a284f,running.fyi,premium,17.7,17.7,high,low,7,namesilo,,,27/09/2026 17:05
bcc8a5e1-ffb8-4418-aae2-c194de24d914,cruiser.fyi,premium,15.73,15.73,medium,low,7,spaceship,,,28/09/2026 18:32
7e112693-92c7-41d5-8ab8-bf3d7f3ec82b,darlington.fyi,premium,17.7,17.7,high,low,10,namesilo,,,27/09/2026 06:24
9afde79b-e508-484a-8b16-6082e70af35c,barbate.fyi,premium,17.7,17.7,medium,low,7,namesilo,,,08/08/2026 16:10
48be0483-8561-4344-b42f-a3ef899b9baf,agee.fyi,premium,19.5,19.5,medium,low,4,namecheap,,,17/09/2026 16:52
07545d8a-fea9-4ead-9d35-a962bc102ca9,dough.fyi,premium,18.75,,high,low,5,name.com,,,
a01e0fb7-86f0-4db2-b8d3-d8414cb4aa3c,gladiola.fyi,available,6.98,9.68,medium,low,8,namecheap,,,19/08/2026 00:09
293d6cca-f78d-4cfa-8b12-426132c14cd6,raises.fyi,available,17.99,17.99,medium,low,6,namesilo,,,29/09/2026 10:51
23f84410-c9f5-47cb-8ca0-1a5f408bb5c2,unspoiled.fyi,available,6.98,9.68,medium,low,9,namecheap,,,12/09/2026 07:08
e15a83e1-9efb-4593-8244-3687b4e8e64d,biggest.fyi,premium,17.7,17.7,medium,low,7,namesilo,,,27/09/2026 02:42
356a9048-0322-4ed8-903d-b718cdc9baba,upriver.fyi,available,6.98,9.68,medium,low,7,namecheap,,,12/09/2026 23:26
6b9e4df6-43fd-40ad-8a21-a98dae15eb3e,bartholin.fyi,available,9.99,9.99,medium,low,9,name.com,,,22/09/2026 09:14
f663afe9-a926-4801-9c39-8cb16436bf37,profane.fyi,available,6.98,9.68,medium,low,7,namecheap,,,10/08/2026 13:22
4f9bc227-34bc-4e49-bf15-10bad47b2351,observing.fyi,available,6.98,9.68,high,low,9,namecheap,,,04/09/2026 00:01
50bb0853-41ff-4842-8c55-5f2b557d98ff,assiduous.fyi,available,6.98,9.68,medium,low,9,namecheap,,,07/08/2026 06:09
8fca3b29-8597-4d6e-88a4-caef00c964a3,carmelite.fyi,available,6.98,9.68,medium,low,9,namecheap,,,11/08/2026 19:22
2ce7dc35-3ef4-4710-9a0f-e43740de02c2,numbing.fyi,available,6.98,9.68,medium,low,7,namecheap,,,03/09/2026 22:49
ec6a3c50-bd8b-47ec-9e85-dca99596f692,them.fyi,premium,15.73,15.73,high,low,4,spaceship,,,30/09/2026 22:25
43fb3283-bcda-4529-baea-a52cd55256cc,novelist.fyi,available,6.98,9.68,high,low,8,namecheap,,,29/09/2026 01:44
cd41d163-9c25-48e8-8801-7ce192d09a53,absorbent.fyi,available,6.98,9.68,high,low,9,namecheap,,,
7da8cd73-2154-426d-a1cf-8d27f176898c,sanction.fyi,available,6.98,9.68,high,low,8,namecheap,,,03/09/2026 23:24
a4f00c7e-b276-43f1-a743-802362921353,leukemia.fyi,premium,17.7,17.7,medium,low,8,namesilo,,,24/09/2026 11:59
271e3c78-f464-42de-8871-88120d46724e,loony.fyi,available,6.98,9.68,medium,low,5,namecheap,,,06/08/2026 21:17
a562c13b-da84-4646-88a3-6c4e3184afab,shiner.fyi,premium,17.7,17.7,medium,low,6,namesilo,,,24/09/2026 00:40
84bc086b-e92b-4926-ae52-00f714564a20,austere.fyi,available,17.99,17.99,high,low,7,namesilo,,,22/09/2026 13:15
6b9c5384-7a16-4617-b62e-f055b26b6061,spite.fyi,premium,19.5,19.5,medium,low,5,namecheap,,,23/09/2026 22:22
fa76a3b4-374c-4773-8474-210a6b653f3e,encouraged.fyi,available,17.99,17.99,high,low,10,namesilo,,,23/09/2026 10:08
6c1d707c-0b96-4f93-9bdb-3442e2c61661,contestants.fyi,available,17.99,17.99,medium,low,11,namesilo,,,29/09/2026 11:30
25c9a1c4-3782-4bbd-8951-7c74dd655fa6,slangy.fyi,available,6.98,9.68,medium,low,6,namecheap,,,10/09/2026 09:59
87532d9b-0e8b-48b6-9659-6ccbe1cb1559,withholding.fyi,available,5.38,5.38,medium,low,11,spaceship,,,30/09/2026 06:21
3181c64e-34a7-43a1-9dd3-41e8dba129c2,undiluted.fyi,available,6.98,9.68,medium,low,9,namecheap,,,12/09/2026 08:03
bfc45298-aaec-4e27-8f17-7491064a98aa,mindy.fyi,premium,15.73,15.73,medium,low,5,spaceship,,,01/10/2026 23:57
761d606b-3ddc-41b6-a043-b0489097e99c,capsular.fyi,available,6.98,9.68,medium,low,8,namecheap,,,08/09/2026 04:10
783ee9ff-2cdb-45f4-9841-bd0789f22047,grainy.fyi,available,6.98,9.68,medium,low,6,namecheap,,,12/08/2026 14:00
c12652aa-af86-48c1-a870-cae84f7da225,ancylus.fyi,available,17.99,17.99,medium,low,7,namesilo,,,19/09/2026 03:54
d7fcd83a-6587-4cf9-8f4b-6016b702cf0d,niece.fyi,available,7.5,,high,low,5,unstoppable,,,30/09/2026 05:40
1845198a-b90a-43ab-ad35-fcb4a3ce1137,affable.fyi,available,6.98,9.68,high,low,7,namecheap,,,21/09/2026 21:27
94c11aee-8478-4aaa-b918-0f667b78493a,needless.fyi,available,6.98,9.68,medium,low,8,namecheap,,,03/09/2026 14:55
ba3c00ec-51a4-4a56-8bf8-a0cb207178b1,letting.fyi,premium,17.7,17.7,high,low,7,namesilo,,,09/09/2026 14:21
d949cf78-f456-449f-9fab-5dd10a8bf3a8,eared.fyi,available,6.98,9.68,medium,low,5,namecheap,,,14/08/2026 14:39
00a5e5b0-3177-4881-bf93-cde6d0703665,crucifix.fyi,available,5.66,5.66,high,low,8,porkbun,,,30/09/2026 16:50
92b2c311-d138-438d-9dca-58d72ab5e4e5,ahab.fyi,available,6.98,9.68,medium,low,4,namecheap,,,17/09/2026 20:17
1a548d34-6287-4e0f-b4fc-2b0e9f6f2422,humic.fyi,available,6.98,9.68,medium,low,5,namecheap,,,21/08/2026 15:14
7ad7d3a4-3fca-4870-ae96-0f6778c5a784,airscrew.fyi,available,17.99,17.99,medium,low,8,namesilo,,,17/09/2026 23:17
6915b1df-00b3-466d-bbb9-2ba4d7a7fa87,armet.fyi,available,17.99,17.99,medium,low,5,namesilo,,,20/09/2026 06:49
f78abf11-49ad-4dce-b9c2-24ddf1a2e31e,cared.fyi,available,6.98,9.68,medium,low,5,namecheap,,,25/09/2026 19:49
f423d5a4-c4e7-465b-b89c-c547e7ea810c,liberal.fyi,premium,18.75,18.75,high,low,7,name.com,,,09/08/2026 20:57
3c146973-bad6-4c57-8674-2ecaeabc3d54,oodles.fyi,premium,17.7,17.7,high,low,6,namesilo,,,14/09/2026 23:32
964ac3d1-67e4-4528-accf-bdca41227a3e,alhakim.fyi,available,17.99,17.99,medium,low,8,namesilo,,,18/09/2026 00:38
4a4d00d6-ef70-49d0-931b-0b5313d6ebbf,nausea.fyi,available,17.99,17.99,medium,low,6,namesilo,,,29/09/2026 13:32
d6987a69-d070-4f30-9c64-8fdf27a0d28c,vodka.fyi,resell,,,high,low,5,"GoDaddy.com, LLC",24/02/2025 08:39,24/02/2027 08:39,30/09/2026 14:34
6f41c7f0-7da7-4a4c-9405-443185dd6cce,shaffer.fyi,premium,15.73,15.73,high,low,7,spaceship,,,29/09/2026 09:57
69a33a17-9833-4bdb-bca9-950693309a12,possessed.fyi,available,17.99,17.99,medium,low,9,namesilo,,,28/09/2026 03:28
1edd376d-67e4-416c-8268-e438f69b30a5,matches.fyi,premium,17.7,17.7,high,low,7,namesilo,,,18/09/2026 17:25
a26e1258-bf8d-4dd5-a8a7-a14716a97751,ngc.fyi,premium,,,medium,low,3,,,,28/09/2026 13:16
58c8ae1c-bff2-49be-9ebd-b7f0a35fb7be,helsinki.fyi,premium,15.73,15.73,high,low,8,spaceship,,,30/09/2026 16:35
b11b438a-c3d8-401f-820f-4bbbba9b2380,fiscally.fyi,available,6.98,9.68,medium,low,8,namecheap,,,14/09/2026 18:37
a6248031-a31e-4bee-8cd7-f4d380a7fddc,backtalk.fyi,available,6.98,9.68,medium,low,9,namecheap,,,21/09/2026 14:51
9893ae38-ea8e-463e-bb7f-29507b0cb885,boreal.fyi,premium,18.75,18.75,high,low,6,name.com,,,10/08/2026 19:55
7401b3d8-0844-4b97-b744-25022d5c4666,merits.fyi,available,5.38,5.38,medium,low,6,spaceship,,,29/09/2026 16:29
077d5a50-90f9-497a-b539-21b6c636e9c3,truffle.fyi,available,17.7,17.7,high,low,7,namesilo,,,29/09/2026 08:50
c50c370a-4d9f-4429-903e-d9aec725d842,blackthorn.fyi,premium,19.5,19.5,medium,low,10,namecheap,,,24/09/2026 03:10
193d73cc-e468-42f7-923c-5a815110c44b,dishonesty.fyi,available,7.5,,medium,low,10,unstoppable,,,29/09/2026 15:54
fd3efe8a-ee5f-4ba9-ace4-147befc8a33f,rightness.fyi,available,17.99,17.99,medium,low,9,namesilo,,,19/09/2026 22:23
cc9e2090-d449-44bc-b72b-13e18ddf46e7,thessaloniki.fyi,premium,15.73,15.73,medium,low,12,spaceship,,,29/09/2026 15:14
84e3bfb4-fc69-415c-a3f1-dba2a3c9591f,tantalize.fyi,available,6.98,9.68,medium,low,9,namecheap,,,21/09/2026 19:52
e1c9cd57-1d82-4873-be2b-75b32beeccbc,arabesque.fyi,premium,17.7,17.7,high,low,9,namesilo,,,19/09/2026 23:28
c1d4f2e9-0f8d-4dff-adef-1549a11f9f64,bereaved.fyi,available,6.98,9.68,low,low,8,namecheap,,,09/08/2026 15:03
2c76c88e-4ad4-420b-98fb-4759c11c1d36,intertidal.fyi,available,6.98,9.68,medium,low,10,namecheap,,,22/08/2026 08:21
486cc4da-e879-4734-bb6b-ecdf691173f6,estrella.fyi,premium,15.5,,high,low,8,unstoppable,,,01/10/2026 23:33
6b2058a9-a365-4e88-88bf-9176dcccc0c5,vans.fyi,premium,78.54,78.54,medium,low,4,namesilo,,,18/09/2026 22:44
1c90bef7-aa27-47ea-8a16-39a615084539,cliffs.fyi,available,7.5,,medium,low,6,unstoppable,,,29/09/2026 11:04
aac4b7b7-0794-43a0-89c3-666708b73fbe,iambic.fyi,available,6.98,9.68,medium,low,6,namecheap,,,21/08/2026 17:28
b3e2e4f0-3a45-46ab-b371-b098f4fd0f91,shifted.fyi,available,17.99,17.99,medium,low,7,namesilo,,,29/09/2026 17:17
a8bab860-aa89-46e4-be8b-7067bde75ebe,thinking.fyi,resell,,,high,low,8,"GoDaddy.com, LLC",09/04/2018 17:41,09/04/2027 17:41,28/09/2026 02:31
b4fd066c-520f-4b08-af32-180505156b4c,reid.fyi,premium,17.7,17.7,high,low,4,namesilo,,,25/09/2026 10:17
0c61b869-cc60-43c3-82a1-18f5b75cddd2,teaspoons.fyi,available,17.99,17.99,medium,low,9,namesilo,,,19/09/2026 22:48
22e8be8a-ee6e-4da2-8a0b-6bdf936460ae,romero.fyi,premium,15.73,15.73,medium,low,6,spaceship,,,29/09/2026 21:33
59481d18-30de-4913-b42c-0f1bc9220ad5,yamaguchi.fyi,premium,15.5,,medium,low,9,unstoppable,,,29/09/2026 23:46
85f835fb-9922-4a81-ae8e-0e0628b9b110,affront.fyi,available,17.99,17.99,medium,low,7,namesilo,,,17/09/2026 14:54
2409d5ba-7ad6-44f3-9248-2ffb31bb563e,runaway.fyi,premium,17.7,17.7,high,low,7,namesilo,,,18/08/2026 17:46
59755c48-1f11-474d-a032-9a24ac858f40,dewy.fyi,available,6.98,9.68,medium,low,4,namecheap,,,09/08/2026 06:51
343a84a3-09a0-4e36-ab60-867fa17016b0,canine.fyi,premium,17.7,17.7,high,low,6,namesilo,,,11/08/2026 16:56
72745e26-081f-4bd5-b096-72e0bae5d6f6,astronium.fyi,available,6.98,9.68,medium,low,9,namecheap,,,20/09/2026 18:03
490f824f-bb73-4dbb-93a3-753d74e991f6,electoral.fyi,available,6.98,9.68,medium,low,9,namecheap,,,16/08/2026 02:37
e9506848-cb95-4caf-afb4-456c0024f49f,coyle.fyi,premium,15.73,15.73,medium,low,5,spaceship,,,30/09/2026 05:31
9330746f-b472-46f1-91ac-c76e1b425606,scottish.fyi,premium,17.7,17.7,high,low,8,namesilo,,,09/09/2026 23:35
a9ccc109-2fea-4086-9214-6cc4eb15d951,beauchamp.fyi,available,17.7,17.7,low,low,9,namesilo,,,29/09/2026 05:52
ecbe3c13-d874-4f2b-802d-d24cdf53b2da,stuffy.fyi,available,6.98,9.68,high,low,6,namecheap,,,
a27f51eb-3796-4f2d-9afe-23ee514f1ae2,waybill.fyi,available,17.99,17.99,medium,low,7,namesilo,,,23/09/2026 16:05
f6517593-bbb9-4ba3-8507-83a6a9483d91,bacterium.fyi,available,17.99,17.99,medium,low,9,namesilo,,,21/09/2026 16:30
89967097-f136-4d7e-a342-7c23c6ab344b,calamitous.fyi,available,6.98,9.68,medium,low,10,namecheap,,,11/08/2026 13:28
3b974f57-1d7d-41e6-9e28-84551db34c1c,mangold.fyi,premium,17.7,17.7,medium,low,7,namesilo,,,23/09/2026 11:02
6f2199e7-ef75-4c6a-80c3-b950207ba389,rhombic.fyi,available,6.98,9.68,medium,low,7,namecheap,,,09/09/2026 16:43
021498e7-39f4-48f4-bc8c-f61fea7f716d,weinstein.fyi,premium,15.73,15.73,high,low,9,spaceship,,,28/09/2026 07:31
4bdafb7d-67dc-4922-bb63-bc48b9e571d4,dowdy.fyi,premium,17.7,17.7,medium,low,5,namesilo,,,14/08/2026 17:09
023cd022-ccb6-4639-b296-d9ec4cdbe1ae,occult.fyi,premium,17.7,17.7,high,low,6,namesilo,,,03/09/2026 12:26
7197ddc1-c3ad-4434-a093-a112f000e044,succeeded.fyi,available,5.2,5.2,medium,low,9,cloudflare,,,28/09/2026 17:37
ef8d17d0-c253-49e0-9348-b5ab3476c81a,myeloid.fyi,available,6.98,9.68,medium,low,7,namecheap,,,03/09/2026 12:06
2051dafe-41a6-4859-ae5a-65ced6330277,kettle.fyi,premium,,,medium,low,6,,,,28/09/2026 19:37
f0380fb7-8181-4255-9fbb-b1e4b40c8991,swallowed.fyi,available,5.57,5.57,low,low,9,dynadot,,,28/09/2026 23:16
6102235f-37ae-4a1a-8402-e9df6e06dab2,missy.fyi,premium,19.5,19.5,high,low,5,namecheap,,,02/10/2026 04:51
0d59a407-2be0-4e49-88df-9fa666129c8a,perish.fyi,available,5.38,5.38,medium,low,6,spaceship,,,29/09/2026 18:32
c026a58a-493c-4828-b39c-956607d832b8,coursework.fyi,available,7.5,,high,low,10,unstoppable,,,30/09/2026 16:49
54e13960-2ebe-4744-b089-13bda5102943,untasted.fyi,available,6.98,9.68,low,low,8,namecheap,,,12/09/2026 21:05
6c263011-d4e7-4a79-834b-850d1e2169dd,imitation.fyi,available,6.98,9.68,high,low,9,namecheap,,,18/08/2026 00:14
99106ca0-94a7-422c-90fd-084cd4457299,hanks.fyi,premium,15.73,15.73,medium,low,5,spaceship,,,01/10/2026 19:55
474987fc-e434-49e1-bd47-e72d831f8112,elliptical.fyi,available,6.98,9.68,high,low,10,namecheap,,,15/08/2026 18:01
14e6afed-53a4-46af-a378-5a7f858692f7,twinkle.fyi,premium,17.7,17.7,high,low,7,namesilo,,,18/08/2026 06:46
1ae6ed50-37bb-4c0d-a62b-31c020bed5b5,gotham.fyi,premium,15.5,,high,low,6,unstoppable,,,30/09/2026 21:01
9e8c7d4e-3283-4e8d-af53-16b6a85266bf,acrobates.fyi,available,17.99,17.99,medium,low,9,namesilo,,,17/09/2026 03:18
6b632910-00d7-4fa1-a616-a9f0b0c9921c,instability.fyi,available,7.5,,medium,low,11,unstoppable,,,29/09/2026 23:37
49ed3221-d2e3-4357-9c61-6e29ffdf4021,ecommerce.fyi,resell,,,high,low,10,"Spaceship, Inc.",03/02/2022 13:15,03/02/2027 13:15,29/09/2026 17:22
7fb86001-0308-49b6-ab5d-5fa239267ebf,mysterious.fyi,premium,17.7,17.7,high,low,10,namesilo,,,24/09/2026 03:42
5d3a72ac-a511-4d00-a3f7-f41619016da3,critic.fyi,available,17.99,17.99,high,low,6,namesilo,,,29/09/2026 12:01
21b54132-1c9f-4eef-95ce-c0eda0893ae2,vilna.fyi,available,5.2,5.2,medium,low,5,cloudflare,,,01/10/2026 18:52
889a9481-5f53-445e-adb1-44ab1f346ebd,scoops.fyi,available,17.99,17.99,medium,low,6,namesilo,,,20/09/2026 12:19
97a81ad8-8573-43f8-a0a0-0ef18de52e66,barreled.fyi,available,6.98,9.68,medium,low,8,namecheap,,,08/08/2026 20:46
44df5254-fc01-47df-9119-aa65577de279,came.fyi,premium,19.5,19.5,high,low,4,namecheap,,,30/09/2026 22:36
1eb51f47-b6de-46dc-85ac-d9a38d47fdf7,atreus.fyi,premium,18.75,18.75,medium,low,6,name.com,,,21/09/2026 00:43
2a62582b-3b61-4411-985f-374a39bac774,philips.fyi,available,,,high,medium,7,,,,
4e0e6a86-fbab-4a9e-ae1b-2175c2cce83b,statewide.fyi,premium,19.5,19.5,high,low,9,namecheap,,,10/09/2026 19:10
687635b9-dd5f-4737-81dc-54c5f91cfb6e,gwynedd.fyi,premium,15.73,15.73,medium,low,7,spaceship,,,02/10/2026 00:00
3a89990f-2401-4584-8002-50ff887b20c0,beefy.fyi,premium,17.7,17.7,medium,low,5,namesilo,,,09/08/2026 07:49
053f069d-9fd2-4218-8e3e-6025e3959040,duracell.fyi,available,6.98,9.68,high,low,8,namecheap,,,02/10/2026 06:21
a570638f-57d3-4f01-9a79-cb7ce0c0ccd0,blabby.fyi,available,6.98,9.68,low,low,6,namecheap,,,09/08/2026 21:03
781825eb-fdaf-4aec-b70c-af48585f38b4,warriors.fyi,premium,8.47,16.9,medium,low,8,porkbun,,,28/09/2026 04:57
9d271fca-fc63-4cc3-b918-44f7e1e4208d,processing.fyi,premium,15.73,15.73,high,low,10,spaceship,,,28/09/2026 15:08
f793b632-76a0-4efb-9b64-0d535d6b223d,freeway.fyi,available,17.7,17.7,high,low,7,namesilo,,,29/09/2026 18:44
85edc6ab-9be7-41f2-a031-47f14d381762,ponderable.fyi,available,6.98,9.68,medium,low,10,namecheap,,,12/08/2026 15:42
c903e64e-18b1-4209-85b8-ff4935dd7a75,sayyid.fyi,available,7.5,,high,low,6,unstoppable,,,30/09/2026 11:49
43030748-ced3-43a4-bd2f-255fd19a4a0b,unruly.fyi,premium,17.7,17.7,high,low,6,namesilo,,,10/08/2026 17:42
5bc42a32-e584-4b49-bcce-874d94e3c9f0,unalike.fyi,available,6.98,9.68,medium,low,7,namecheap,,,12/09/2026 00:26
92ccec90-4f55-43ae-bb8d-526b977c1e5b,produces.fyi,available,17.99,17.99,medium,low,8,namesilo,,,17/09/2026 14:14
8fb6f490-0db6-4e95-9ee5-0096001ac176,proving.fyi,available,17.99,17.99,high,low,7,namesilo,,,28/09/2026 11:26
ad9aff55-4d61-4262-8412-6d6465d4ca50,months.fyi,premium,19.5,19.5,high,low,6,namecheap,,,25/09/2026 18:02
ef263446-8230-4eb9-b014-c2712c9aa38f,localized.fyi,premium,17.7,17.7,high,low,9,namesilo,,,24/08/2026 08:45
e353e15e-30c6-413e-845e-983660d1ae1a,xii.fyi,premium,17.7,17.7,high,low,3,namesilo,,,21/09/2026 11:25
456599b4-e7f9-4d35-8af4-3c6df9789f0e,auspicious.fyi,available,17.99,17.99,high,low,10,namesilo,,,22/09/2026 13:12
82c1c8b1-b4b4-411a-bd11-fab2adf33838,gang.fyi,premium,15.73,15.73,high,low,4,spaceship,,,29/09/2026 20:39
d38555ce-b940-4a8f-a6d5-ce2cc5f22176,stemmed.fyi,available,6.98,9.68,medium,low,7,namecheap,,,11/08/2026 22:33
8c37ffbb-73bb-4be7-8025-1cb8eb6a97be,presumably.fyi,available,6.98,9.68,medium,low,10,namecheap,,,15/09/2026 21:20
705bf2e3-3784-4ecd-886f-b5a74384afc3,crawled.fyi,available,17.99,17.99,low,low,7,namesilo,,,01/10/2026 00:21
19d4e70e-9564-4c9d-810d-c79dc61aa9d2,cores.fyi,premium,16.5,16.5,medium,low,5,dynadot,,,01/10/2026 16:54
9e4ef011-e674-44d5-a534-7585fa267c48,coulson.fyi,premium,15.73,15.73,medium,low,7,spaceship,,,30/09/2026 21:34
131d32f7-b522-4019-9284-1f45e6412d81,overlapping.fyi,available,17.99,17.99,high,low,11,namesilo,,,29/09/2026 08:54
1e8c6c5d-8381-4755-bf7a-bc8b2ca049ef,inwards.fyi,available,6.98,9.68,high,low,7,namecheap,,,21/08/2026 23:32
8bbc9011-d8a3-4d91-b348-d3d52c475db8,undesired.fyi,available,6.98,9.68,medium,low,9,namecheap,,,12/09/2026 07:49
54a13739-5011-416d-87f9-df053c772dac,maternally.fyi,available,6.98,9.68,medium,low,10,namecheap,,,25/08/2026 07:10
1e6b91a9-3664-40ed-a145-6935b458e0a1,deft.fyi,premium,17.7,17.7,high,low,4,namesilo,,,13/08/2026 23:50
5f0c9365-0e32-480e-a7cf-4dc6bd5a82cd,centenary.fyi,available,6.98,9.68,high,low,9,namecheap,,,11/08/2026 23:54
c9bc2bd2-d0c4-48e4-9af6-0f54dfdd5ed0,gilliam.fyi,available,17.7,17.7,medium,low,7,namesilo,,,30/09/2026 13:39
5fa0e898-6f7f-4651-be0f-94d7ddf70bef,pinked.fyi,available,17.99,17.99,low,low,6,namesilo,,,20/09/2026 15:51
8f76fd98-39a6-4a5c-9131-6a96ca1468db,arles.fyi,premium,19.5,19.5,medium,low,5,namecheap,,,20/09/2026 06:15
e4a28049-cf70-4443-8ec6-98d9c10d4e0b,mahler.fyi,premium,15.5,,medium,low,6,unstoppable,,,29/09/2026 01:10
27fb4fac-8438-4d67-8612-4d7b3acf4bd5,biogenetic.fyi,available,6.98,9.68,medium,low,10,namecheap,,,10/08/2026 01:12
45b2aae4-6705-4965-991d-6ed06c3b9ed8,epos.fyi,premium,17.7,17.7,high,low,4,namesilo,,,17/08/2026 10:28
ff9ce885-dcd1-426d-a9ef-08faee4304fe,thrill.fyi,premium,15.5,,high,low,6,unstoppable,,,28/09/2026 05:48
22c01624-ad5d-45d3-8601-84f60c24fa00,ashes.fyi,premium,17.7,17.7,medium,low,5,namesilo,,,27/09/2026 09:10
306c1ea0-ce4f-4801-908b-ac55be9f3524,indemnity.fyi,available,17.99,17.99,medium,low,9,namesilo,,,18/09/2026 18:43
d99910ce-b9bc-4b8c-a32b-80da638e7a60,preliminary.fyi,available,5.66,5.66,medium,low,11,porkbun,,,28/09/2026 11:21
40a5d4a9-058e-4275-8f0a-2e9da7b50512,mount.fyi,available,17.7,17.7,high,low,5,namesilo,,,29/09/2026 10:06
a5c6704d-de89-411d-8936-0e834b740271,indwelling.fyi,available,6.98,9.68,medium,low,10,namecheap,,,22/08/2026 03:37
38b491b9-b64f-461e-85cc-0843c9f0c168,voguish.fyi,available,6.98,9.68,medium,low,7,namecheap,,,12/08/2026 04:42
6ae57a83-745e-475c-9d90-857074f8dcc0,gonzo.fyi,premium,18.75,18.75,high,low,5,name.com,,,10/08/2026 10:27
3f017bf8-e61c-42d7-bce0-57aa79f08ecb,currawong.fyi,available,17.99,17.99,medium,low,9,namesilo,,,23/09/2026 05:33
d9227417-83a8-4eec-ab2f-0eba48de1e42,het.fyi,premium,17.7,17.7,medium,low,3,namesilo,,,21/08/2026 02:20
56fd73c2-5b2e-4c31-ae2e-e5b1984c342d,evoked.fyi,available,6.98,9.68,medium,low,6,namecheap,,,16/08/2026 04:33
4cc0a5c8-26cd-4aa5-b4c3-47d7037dedf4,champions.fyi,available,17.7,17.7,high,low,9,namesilo,,,28/09/2026 13:32
d4e8a04e-1d57-46b0-ab2c-82e7e6daa46c,congenital.fyi,available,6.98,9.68,medium,low,10,namecheap,,,12/08/2026 21:40
a82caf66-9e44-4910-ab45-418311716b21,octet.fyi,premium,18.75,18.75,high,low,5,name.com,,,
1a369eca-83a4-45f3-9363-9355c7f8a27b,bedlam.fyi,premium,17.7,17.7,medium,low,6,namesilo,,,22/09/2026 23:22
ee4df6a1-a038-4344-b580-ad55d787a68d,biometry.fyi,available,6.98,9.68,high,low,8,namecheap,,,23/09/2026 18:35
0e167f1f-684c-4b98-83d4-1cad2d94929b,agleam.fyi,available,6.98,9.68,medium,low,6,namecheap,,,
76cd4d31-1f0e-46a6-88ff-cc747815dfbf,castaway.fyi,premium,19.5,19.5,high,low,8,namecheap,,,04/09/2026 19:05
e7e5e99f-a2b4-4ac0-a725-00286cf43fd5,kimberley.fyi,premium,8.47,16.9,medium,low,9,porkbun,,,28/09/2026 19:38
e79abffe-1bbb-4e90-a4c8-1e1a52fb1c75,howling.fyi,available,6.98,9.68,high,low,7,namecheap,,,21/08/2026 14:24
d0d539cd-c44d-48e6-a455-ef709d84da50,screwed.fyi,available,6.98,9.68,medium,low,7,namecheap,,,28/09/2026 15:59
27f86cb0-e6ba-42e8-9c47-65b2b22f928b,wife.fyi,premium,15.73,15.73,high,low,4,spaceship,,,30/09/2026 03:56
24ce9db7-382c-4866-a9ac-d6c99f297c88,gustave.fyi,premium,15.73,15.73,medium,low,7,spaceship,,,28/09/2026 09:09
a4bdbe33-e3ce-4bfc-a9c2-fa8de1ef3b0b,sank.fyi,available,5.38,5.38,medium,low,4,spaceship,,,29/09/2026 16:38
1d38552e-fc0f-4a9b-9b7f-272de1064dc6,grandson.fyi,available,5.38,5.38,high,low,8,spaceship,,,29/09/2026 21:28
6d33068b-5e5a-4dfe-9659-e5eb3ebea3b5,algebras.fyi,available,6.98,9.68,low,low,8,namecheap,,,28/09/2026 13:28
2c895b77-07f2-4da3-a04e-6bb52dd332f0,burden.fyi,premium,8.47,16.9,medium,low,6,porkbun,,,29/09/2026 05:26
a854b79a-d990-4108-9ddd-9f212efcb748,tortious.fyi,available,6.98,9.68,medium,low,8,namecheap,,,11/09/2026 17:59
6e570da0-1355-4e22-bc8c-35cb19dc46c2,accretion.fyi,available,6.98,9.68,high,low,9,namecheap,,,16/09/2026 23:14
d999b042-ed3e-4d4f-8f46-92558b8ec8fb,admiring.fyi,available,5.38,5.38,high,low,8,spaceship,,,30/09/2026 19:19
0bb441ac-b25a-44cc-b9be-7ad25a0c75d8,bellyband.fyi,available,6.98,9.68,medium,low,9,namecheap,,,23/09/2026 06:51
c4ea7d1c-1331-4312-ada7-49998c48844e,sandstone.fyi,premium,15.73,15.73,high,low,9,spaceship,,,01/10/2026 03:35
9bacb478-5c36-4657-b576-32374afda4d9,eighteenth.fyi,available,6.98,9.68,high,low,10,namecheap,,,
e6ac2e18-7f93-4c61-af11-8f37ae65810f,capsulize.fyi,available,6.98,9.68,medium,low,9,namecheap,,,11/08/2026 18:15
2132d779-cc23-4da7-a021-59c52be94360,djiboutian.fyi,available,6.98,9.68,medium,low,10,namecheap,,,14/08/2026 14:08
75d6bcbf-84f9-4adc-85a9-4ebec2ebe2d0,nocent.fyi,available,6.98,9.68,medium,low,6,namecheap,,,03/09/2026 18:02
ee386d84-e918-4c36-9386-761bbdac9c4c,sloshed.fyi,available,6.98,9.68,low,low,7,namecheap,,,09/08/2026 15:48
fc2c047f-dd26-4a5f-b043-f76fa96f2826,brighten.fyi,premium,15.5,17.7,high,low,8,unstoppable,,,30/09/2026 16:33
86ea183a-7c37-4257-b82a-d0efe662e499,trailing.fyi,available,17.99,17.99,medium,low,8,namesilo,,,29/09/2026 02:21
968590bc-bc74-44d4-bc50-ef0739df120b,homophobic.fyi,available,6.98,9.68,medium,low,10,namecheap,,,21/08/2026 13:04
5e6cc1cb-39b3-40ba-accd-9324836e5ac8,eis.fyi,premium,15.73,15.73,high,low,3,spaceship,,,29/09/2026 16:22
9daa4b98-7cff-4c87-80a4-d2d89a020395,pogge.fyi,available,6.98,9.68,medium,low,5,namecheap,,,17/09/2026 19:01
212af89b-3890-4ac9-8321-319f323b6bcb,fastidious.fyi,available,6.98,9.68,medium,low,10,namecheap,,,17/08/2026 15:30
939ae09a-d9f1-4674-87f2-ce47d6fe0bf6,maze.fyi,resell,,,high,low,4,"GoDaddy.com, LLC",22/08/2018 05:52,22/08/2028 05:52,30/09/2026 01:52
67a1c810-575a-4e92-bd3d-70c5935de9ef,gleefully.fyi,available,6.98,9.68,medium,low,9,namecheap,,,14/09/2026 21:28
1bb4d6b2-e851-46bf-9bad-cd665e6cbe68,despised.fyi,available,6.98,9.68,medium,low,8,namecheap,,,14/08/2026 04:10
b1a18ea7-4f27-4b02-9fe2-379c7ea68c47,loathing.fyi,available,17.99,17.99,medium,low,8,namesilo,,,16/09/2026 15:27
1dd9c929-438b-4298-8900-13a0994b65b6,attila.fyi,premium,17.7,17.7,high,low,6,namesilo,,,21/09/2026 01:47
9a3f021b-a339-4e15-aabe-4eecf7e2d091,impatient.fyi,available,6.98,9.68,medium,low,9,namecheap,,,21/08/2026 21:53
e70e7e71-4834-4579-a35c-78cd95300b82,olympian.fyi,premium,17.7,17.7,high,low,8,namesilo,,,17/08/2026 16:01
4e0d212c-b335-492c-8b6e-3e8c72c51781,rappahannock.fyi,available,5.57,5.57,medium,low,12,dynadot,,,30/09/2026 22:09
d319c897-8ace-436d-b636-ab148c6bcd2d,newbury.fyi,premium,15.5,,medium,low,7,unstoppable,,,28/09/2026 03:59
2214e179-5a8c-4e80-8154-d6b88f5ce305,snoek.fyi,available,17.99,17.99,medium,low,5,namesilo,,,22/09/2026 07:53
f93e5ee6-c722-492e-a1ca-335e0ef39a86,geologist.fyi,available,7.5,,high,low,9,unstoppable,,,29/09/2026 12:39
d60433df-5d3b-42bf-8770-d17acf536fc2,alimental.fyi,available,6.98,9.68,medium,low,9,namecheap,,,
39b9283a-ac16-49c1-b430-c3e970a72992,doubted.fyi,available,17.99,17.99,low,low,7,namesilo,,,29/09/2026 16:14
b2be56cb-4e25-4d7d-9d1a-ec312459b05e,menial.fyi,available,6.98,9.68,medium,low,6,namecheap,,,24/08/2026 20:12
42e715ff-f999-444a-8b77-98bb0bf0163b,actin.fyi,available,6.98,9.68,medium,low,5,namecheap,,,17/09/2026 04:37
4592b718-83fe-47da-a62d-578e2ca4cae6,desirable.fyi,available,6.98,9.68,high,low,9,namecheap,,,14/08/2026 03:47
9d816650-b1c4-4893-990b-c59a304d289c,scraggy.fyi,available,6.98,9.68,medium,low,7,namecheap,,,22/08/2026 12:02
284c325f-cee3-4bbe-b1a4-b2c990bf7a67,aspirator.fyi,available,17.99,17.99,medium,low,9,namesilo,,,20/09/2026 15:23
084154de-0325-409f-8517-bf5b93f83ad2,commando.fyi,premium,15.73,15.73,high,low,8,spaceship,,,01/10/2026 01:32
caa28c3c-67af-4d2f-8d04-d98d237a2f78,buckshee.fyi,available,6.98,9.68,medium,low,8,namecheap,,,11/08/2026 07:33
becd55dd-2886-435b-a503-3ba9d9d59d3f,painfully.fyi,available,6.98,9.68,medium,low,9,namecheap,,,14/09/2026 13:22
a9486591-1386-4603-ac93-92ce0bb84156,impervious.fyi,available,6.98,9.68,medium,low,10,namecheap,,,21/08/2026 22:19
acb33ec8-a9cf-430d-be9c-6740b29304b0,offprint.fyi,available,6.98,9.68,medium,low,8,namecheap,,,10/09/2026 03:57
ec542a4b-d5f9-4fac-9342-fad960756d4a,procrastinate.fyi,available,9.99,9.99,medium,low,13,godaddy,,,01/10/2026 00:20
c6d42ebb-aa38-4070-a5cc-00125fba8418,columnar.fyi,available,6.98,9.68,medium,low,8,namecheap,,,12/08/2026 18:14
24cbc7e7-b38e-429d-92d3-56da224027d4,honours.fyi,available,5.2,5.2,high,low,7,cloudflare,,,30/09/2026 01:53
bf690a4a-0c1c-4515-9424-6eba75275e22,commission.fyi,premium,16.5,16.5,high,low,10,dynadot,,,29/09/2026 10:22
415838a8-ca7a-40b3-a263-f957f4c2879d,devils.fyi,premium,19.5,19.5,low,low,6,namecheap,,,28/09/2026 08:49
b4d47b1f-1330-4fd7-b56c-c32cfd931b22,spurious.fyi,available,6.98,9.68,medium,low,8,namecheap,,,09/08/2026 00:03
b42e5530-f4a2-44cc-836b-b07a91e1140d,feeding.fyi,premium,17.7,17.7,high,low,7,namesilo,,,25/09/2026 22:30
e61bfdc3-95e0-4b36-85aa-1d0fb02660fb,saigon.fyi,available,17.7,17.7,medium,low,6,namesilo,,,28/09/2026 10:04
f9b34e4c-cd0a-4cc6-8ee2-eaf97c41543c,mates.fyi,available,17.7,17.7,high,low,5,namesilo,,,28/09/2026 10:21
9c85f7c4-7ef1-416a-93b8-08cc36d8cd95,attained.fyi,available,6.98,9.68,medium,low,8,namecheap,,,07/08/2026 15:07
f707e07e-af0e-4528-8aab-a27b3b042a2d,gipsy.fyi,available,6.98,9.68,high,low,5,namecheap,,,10/08/2026 17:23
1de19b9e-f65d-48a6-8a26-b4c4d386fbb0,reconciled.fyi,available,6.98,9.68,high,low,10,namecheap,,,09/09/2026 11:49
8867d5cd-378a-498f-8453-d19fb88f7322,cancelled.fyi,premium,17.7,17.7,high,low,9,namesilo,,,11/08/2026 16:25
9d043d9b-c7d5-433b-acc3-0231fd4c594e,peaky.fyi,available,6.98,9.68,medium,low,5,namecheap,,,08/09/2026 11:10
d4785cef-02d2-420b-8422-c15d9093e98a,physically.fyi,available,17.99,17.99,medium,low,10,namesilo,,,19/09/2026 14:53
d100493a-650c-403c-b759-00ed027438a6,pourboire.fyi,available,17.99,17.99,medium,low,9,namesilo,,,21/09/2026 15:52
d8e9c739-064f-438c-96ab-bf389f14378c,bouncy.fyi,available,17.99,17.99,high,low,6,namesilo,,,23/09/2026 01:24
7d9e5707-8175-4871-8d3b-1993e54b95f9,primitive.fyi,premium,17.7,17.7,high,low,9,namesilo,,,27/09/2026 05:47
efb5ee06-e0a3-4089-b2bd-3550d8775ed5,frankie.fyi,premium,17.7,17.7,high,low,7,namesilo,,,26/09/2026 03:25
df306b75-93cb-4623-bfe0-22cbb9d9ef57,supreme.fyi,premium,17.7,17.7,high,medium,7,namesilo,,,28/09/2026 02:04
1981fba9-e98e-4bd1-ab29-f91c1a4260bf,musset.fyi,available,17.99,17.99,medium,low,6,namesilo,,,18/09/2026 06:29
ce7d992a-ed48-47d2-88e3-2eeaf0a64aef,hierarchy.fyi,available,5.57,5.57,high,low,9,dynadot,,,30/09/2026 10:07
7bed8084-58dd-4164-a57f-4758c2a7d69c,romany.fyi,available,6.98,9.68,high,low,6,namecheap,,,10/08/2026 17:25
1de94188-3618-44df-a7f9-6e4bf3374305,creeps.fyi,available,5.66,5.66,medium,low,6,porkbun,,,01/10/2026 01:37
cd75dbf9-af47-4cf2-922e-7de051c8f1de,morbid.fyi,available,6.98,9.68,medium,low,6,namecheap,,,14/08/2026 10:10
80890aa6-6a4e-4b0b-8b42-58dc6e2ee508,graceless.fyi,available,6.98,9.68,medium,low,9,namecheap,,,18/08/2026 20:43
2015ba0e-f232-42e0-bfd2-81d1e1ba4765,applewood.fyi,premium,17.7,17.7,medium,low,9,namesilo,,,19/09/2026 21:44
f47f1715-ba0c-43a4-9206-deb797a9501f,barnburner.fyi,available,17.99,17.99,medium,low,10,namesilo,,,22/09/2026 06:49
16a7880f-4d0d-40a7-b14b-7e758c6a9212,convivial.fyi,premium,17.7,17.7,high,low,9,namesilo,,,12/08/2026 23:53
385d6362-8f00-491f-aa89-99b72d3a9760,bayonet.fyi,available,6.98,9.68,medium,low,7,namecheap,,,22/09/2026 18:04
a00c01e8-d43f-49e2-8e94-7444f5422791,affluence.fyi,premium,19.5,19.5,high,low,9,namecheap,,,28/09/2026 19:21
9927d2ee-0a9f-4669-a2fb-8b90563aa2f3,stepfather.fyi,available,5.38,5.38,high,low,10,spaceship,,,30/09/2026 22:37
86167a8e-9095-47fd-89b7-a3f6fb1094f1,asses.fyi,available,17.99,17.99,low,low,5,namesilo,,,30/09/2026 15:16
8429c6f1-9508-44dc-b449-1bfa36abea73,annulment.fyi,available,17.99,17.99,medium,low,9,namesilo,,,16/09/2026 17:16
40efeb1f-f078-4e93-910e-f054ed3db647,aspidistra.fyi,available,6.98,9.68,medium,low,10,namecheap,,,20/09/2026 15:15
0fbe65fa-704b-4410-a802-add3bd6a19a3,megabucks.fyi,available,17.99,17.99,high,low,9,namesilo,,,23/09/2026 14:11
0113f096-3922-4688-ae5e-d0f6d5d87a03,hangout.fyi,premium,17.7,17.7,high,low,8,namesilo,,,
fb8b666c-cead-49c1-a9e3-78817e4db85d,careless.fyi,available,17.99,17.99,high,low,8,namesilo,,,23/09/2026 12:52
a5a718c3-1073-4b71-9872-e7c483832261,genoese.fyi,available,6.98,9.68,high,low,7,namecheap,,,18/08/2026 21:48
b0e79e46-6fa8-4971-ab51-3edb6bea5334,wealth.fyi,resell,,,high,low,6,"Spaceship, Inc.",17/03/2019 02:27,17/03/2027 02:27,01/10/2026 20:31
10d5c3b5-cba8-4785-8a08-e9e45cccec00,fledged.fyi,available,6.98,9.68,medium,low,7,namecheap,,,18/08/2026 07:25
7e2bfe53-9408-4ba4-ae4f-94dcf61eefba,yerevan.fyi,available,17.7,17.7,medium,low,7,namesilo,,,29/09/2026 11:51
b86d8179-0596-4df7-870e-e2dd822fa07e,fleetly.fyi,available,6.98,9.68,medium,low,7,namecheap,,,14/09/2026 18:56
1f2e5204-45c4-4bd9-9215-ac49d8c76096,masterless.fyi,available,6.98,9.68,medium,low,10,namecheap,,,24/08/2026 09:55
6e6565b7-aa58-4c5a-be70-25e0d053929c,blain.fyi,premium,17.7,17.7,medium,low,5,namesilo,,,24/09/2026 03:42
8e3b459a-4dd9-4be9-83d2-54fb6a9ff3a7,recurrent.fyi,available,6.98,9.68,high,low,9,namecheap,,,09/09/2026 11:57
89a4aaa9-4a3d-43eb-8c1c-18b6027b3a6a,cadent.fyi,available,6.98,9.68,medium,low,6,namecheap,,,11/08/2026 12:48
522296ad-0576-43a1-86c1-643bcb66b34c,lascivious.fyi,available,6.98,9.68,medium,low,10,namecheap,,,22/08/2026 20:04
2a473d63-d182-4826-bf27-5191d70f4b5b,tingling.fyi,available,6.98,9.68,high,low,8,namecheap,,,11/09/2026 15:29
656e0ffc-4907-4fb2-88d9-858fba6b2cfa,technologist.fyi,available,17.7,17.7,high,low,12,namesilo,,,30/09/2026 02:33
d122240b-7d84-4bb9-a7d2-4cf0e6350101,doj.fyi,premium,15.5,,medium,low,3,unstoppable,,,29/09/2026 12:03
88c55b97-8b44-4b0f-8a74-1549d55e756a,panamanian.fyi,available,6.98,9.68,high,low,10,namecheap,,,05/09/2026 00:34
cc93de19-dd09-4d66-bdd1-5b91ab718e04,coxa.fyi,available,17.99,17.99,high,low,4,namesilo,,,20/09/2026 11:23
76582b8e-1ed0-40ec-bb84-71a4fe6576e2,incredibly.fyi,available,6.98,9.68,high,low,10,namecheap,,,14/09/2026 17:21
f59ab6f9-c7a4-46a3-894f-38fb21eb0592,monitors.fyi,available,17.99,17.99,high,low,8,namesilo,,,29/09/2026 00:02
67dabd46-b6bf-4b59-8495-8d60bb681120,buckingham.fyi,premium,17.7,17.7,high,low,10,namesilo,,,25/09/2026 12:25
61b25ac3-0b88-46cb-ac3d-2165ec84a1a7,sniffy.fyi,available,6.98,9.68,medium,low,6,namecheap,,,21/08/2026 01:27
6eb34bdd-caf8-4d9f-9b37-65c264e22041,dancer.fyi,premium,17.7,17.7,high,low,6,namesilo,,,11/09/2026 11:54
bfbbb690-0a44-443e-bd3a-38f1d142199f,primate.fyi,premium,17.7,17.7,high,low,7,namesilo,,,20/09/2026 02:39
1e20ecba-9adf-4832-9ad0-6a5830933701,superiors.fyi,available,7.5,,medium,low,9,unstoppable,,,29/09/2026 05:50
732f77d2-cba4-48dc-9f75-573b916c106b,usn.fyi,available,17.7,17.7,medium,low,3,namesilo,,,28/09/2026 15:31
67bfa057-d80a-4aa0-9ca1-adbcacc4c45e,unpatented.fyi,available,6.98,9.68,medium,low,10,namecheap,,,12/09/2026 16:29